0,1
13.342,-1.710082
9.9959545,-0.56681675
13.281426,-2.8666048
7.958268,-5.816249
7.739632,-2.161919
8.858502,0.52516514
10.007541,-0.46275762
7.974803,-0.8224376
5.5532794,-4.522925
11.7690115,-1.2016602
8.6868,0.8275316
11.957164,-4.7791843
11.852912,-4.640291
11.507428,1.4969363
14.199668,-3.0526724
11.443953,3.469303
11.949761,-3.073594
9.147201,-2.990758
6.5336323,-1.8071669
13.144617,2.160846
9.14532,3.8150082
15.882929,-1.880613
10.827082,-3.4028454
10.3580885,-5.8661475
13.015251,1.0848203
12.452892,1.334591
11.609862,1.1450655
15.859186,-1.9008173
10.367117,-1.6277775
10.999571,1.0605046
10.687795,-5.5349836
12.303919,-2.8149016
12.171955,-0.70119244
9.54198,4.0616837
11.836598,-2.2154934
10.347279,-5.7903304
13.21174,0.52054703
10.583029,0.051385302
11.499302,2.8799314
6.512698,-2.5258477
10.836702,3.1780014
7.7609406,-5.5597773
12.927342,-1.2043208
12.869728,-0.052196153
8.054241,-0.96415806
9.963322,-0.5551279
13.558214,0.5884823
13.20926,1.4184177
12.213635,-0.21502344
10.314704,-1.9936737
13.207653,2.250931
7.7081847,-5.567721
8.14755,-5.3885355
11.570987,-1.5724585
11.304576,3.0920541
10.34602,-6.113287
8.854411,0.5292997
12.220104,2.5981517
13.879253,-0.64561707
12.862221,-1.311667
11.903402,-2.948151
10.34634,-1.5365175
8.18907,-2.4033968
11.311194,3.0569534
10.106984,-1.3940932
7.8581953,-5.7593856
13.2317295,0.35689595
13.985754,-0.5301892
7.6273036,-2.2528324
12.041853,-2.239958
11.570716,0.46067277
11.361276,-0.5870652
10.875925,3.1261218
12.193334,-1.2967881
7.733047,-5.56666
12.829499,2.9963398
10.336186,-1.5871398
10.386518,-3.1354632
12.196117,1.2762074
8.890666,1.2254149
12.348821,-5.2476945
8.048672,-5.5995746
5.551113,-4.52259
14.074813,0.7415847
10.926114,-0.98590875
12.052083,1.9691515
5.5510745,-4.5226603
7.863175,-5.3042717
11.568514,-3.9914217
7.7663527,-5.5431848
9.365774,0.8756168
6.6059747,-2.074337
10.377276,-6.084784
14.560021,0.85645235
12.395454,-3.367908
11.77112,-1.1375759
12.432329,1.5978856
9.511905,-4.035197
10.269682,1.9227742
13.346418,1.3634591
6.780771,-1.6628582
13.171175,2.2073598
12.851786,0.089385994
9.514393,-3.9369977
6.55546,-2.0517638
8.835003,0.5299362
12.314611,-5.2156024
15.871009,-1.872103
10.579425,1.7896723
11.727651,-1.5849518
9.955163,-0.16647145
6.645618,-1.9804761
6.5204883,-1.5715128
11.532805,-4.283933
15.886312,-1.8894413
12.164136,-5.048509
13.326147,1.2312664
11.557835,-4.2379484
9.443267,-4.0100594
12.326234,-5.231101
15.898527,-1.8661907
11.758159,-0.97348475
10.026323,-1.52997
12.902356,1.0777767
10.700515,-5.6334186
12.007465,0.87219995
7.918955,-5.1203494
7.786971,-5.62445
11.076807,-3.816037
9.285628,3.7376733
10.147559,-5.075928
6.1136203,-2.76741
9.358536,4.074911
9.434697,-3.1015723
7.9116287,-5.1244597
9.286592,3.7020776
6.4440355,-2.416727
12.145878,-1.3527826
10.378475,-6.1099405
11.358304,-4.296283
11.846954,-4.651517
12.52526,-1.2899226
11.437078,2.9584172
12.382359,-3.4561987
10.117759,-1.5149226
7.9971075,-0.79733616
11.03382,3.0897026
10.798393,3.182275
11.835914,-4.6472106
11.941386,-2.9163542
15.922273,-1.8345392
14.118619,-3.04744
9.386902,4.1351523
13.572303,-0.47783515
12.890315,0.07678192
9.995729,-0.5680056
13.884545,0.06400832
12.349487,1.1877723
13.780563,-0.6404983
10.835239,5.627723
11.647939,-0.5730403
10.833438,-0.026215497
14.653156,3.443861
13.701441,-2.9343255
10.207773,-5.7980685
12.944954,0.15495622
12.824803,0.103859246
10.159915,-5.684983
10.208047,-5.569849
12.266501,1.4466344
10.227915,-1.8075668
10.35903,-6.079163
14.077723,-3.0898938
11.094708,-3.418796
7.386295,-2.2906544
9.189432,-1.1309006
12.081537,-0.84182525
7.397724,-2.2908833
12.953317,-2.4270604
10.989765,-0.31742406
8.969331,-1.0297834
10.366191,-5.748772
6.076557,-1.962617
13.277347,1.7869095
12.23622,1.2966194
7.7049737,-5.522939
13.948619,-3.1356113
11.800122,-4.5851636
10.88126,-5.4300346
10.682601,-0.60735005
14.271924,0.9518875
7.9336386,-2.401696
5.5517435,-4.5233145
11.14088,-1.8589138
13.152226,1.2126122
5.5514293,-4.521242
12.872251,1.1724665
7.2192645,-2.1872172
13.274716,1.8115925
9.821746,-1.8344322
12.178636,1.6070222
14.0705185,-3.1238759
12.642206,0.108503915
14.286934,0.9723586
14.122069,-0.46187416
8.851224,0.54335475
12.246351,-5.136152
13.920859,-0.32156986
8.74482,-3.3261156
12.795215,1.136749
11.864385,2.1765308
13.914774,0.13557826
11.965408,-2.7555134
9.727734,-3.5302358
12.38665,-3.418436
9.480595,-3.942694
9.651276,0.21053499
9.245944,-3.306064
11.878451,1.9434994
8.93768,-3.8844275
8.094393,-5.6274505
9.079376,-3.14326
14.050703,-3.2569778
13.611414,0.17817214
12.133473,-2.4311886
13.911551,-0.6226875
9.265491,-3.259328
13.895678,-2.9904714
7.9061565,-3.6133692
7.823497,-5.4307113
13.247203,-2.1382837
11.422519,-3.934012
6.536967,-1.9615003
13.706997,-0.7337456
9.297336,-3.1016538
12.178811,1.2604165
13.154362,1.3609914
6.5952387,-1.3408339
10.350188,-1.6148428
9.828882,-6.032202
9.720378,-5.5339804
12.446782,1.4208705
8.725707,0.7410521
14.470891,0.9556487
12.552943,1.2432904
10.235093,-5.737029
13.965308,-3.1530879
12.119625,1.0239863
12.000923,-0.60875756
13.891527,-3.1805115
11.753365,-2.4567647
13.403664,0.9725197
10.980357,-3.5034742
13.30506,-2.2753315
10.747374,-5.6207714
14.217989,-3.0554466
13.965124,-3.1665647
10.064709,-5.704014
13.913784,-3.0421665
12.884875,-0.0026969116
13.753915,-2.8338861
12.646785,-0.08386436
12.651312,-0.010098929
11.563371,-4.434474
13.579583,-2.6703176
13.343233,-2.844268
12.995409,1.2051457
10.37812,-1.3262112
9.763029,-1.8491144
11.736385,-2.4700303
13.499947,-2.3486605
9.983335,-0.5299985
10.554528,-5.5680575
8.10325,-2.4307988
8.005761,-0.8367096
11.664023,-0.86837125
11.380221,0.036301933
10.293617,-5.7833705
10.470198,0.14261554
9.727059,-2.0403702
5.22215,-2.2103932
9.471961,4.063811
11.794428,-2.1822827
12.89715,0.026394963
13.206925,-2.539921
10.398579,-4.556328
8.913798,-2.138684
12.010762,-0.6323057
13.186608,2.2695613
13.904483,-3.080713
13.237058,2.2803001
12.961715,1.1006176
7.8691344,-3.5668306
11.656086,-4.5030084
11.941968,1.6357852
10.098617,-1.639901
6.350611,-2.6678069
9.069582,-3.1936839
9.5246725,-5.354796
9.071948,-3.124119
10.209518,-1.8170308
10.176814,-1.7628955
14.025433,0.73718137
11.482796,1.6588973
12.9016075,0.02278069
9.118772,-3.1423104
8.995796,-1.0109092
14.00841,-3.1347444
6.329452,-2.809605
13.150644,2.1773176
11.84613,-4.6588473
8.942715,-2.130592
9.601022,-3.854053
11.800989,-0.9775489
9.366353,1.4171815
14.086017,-3.097223
10.802506,3.1932561
7.6990843,-2.3177412
9.440228,-4.0038157
11.981812,1.894137
10.414735,-0.5951666
11.129003,-3.7307029
9.252522,-3.2970674
11.213971,-3.740112
12.291288,1.3670044
6.535312,-1.537898
9.419739,-4.044285
9.064713,-3.123116
10.092834,-0.64729595
10.375343,-4.469021
10.535285,-4.3255806
13.147335,0.2532451
11.740464,-1.356144
12.908057,0.9206546
14.2835245,-0.93614155
10.3779335,-6.105124
13.911778,-3.2000122
10.943403,-2.568811
14.024835,-3.1895626
13.184403,2.1350954
11.044635,3.0656333
10.273397,-0.5393111
10.173079,-1.1176916
9.079937,-3.1602142
10.290913,-1.9467281
11.72142,-0.6224719
10.986056,-0.99611455
11.413445,-3.2197642
10.266689,-6.088411
9.1319685,-4.070871
8.903129,0.52556777
10.903364,3.087364
12.209027,1.4652146
11.692042,-1.3112074
15.889393,-1.8797956
10.417014,-3.1346495
12.980527,-1.0215627
11.484025,-3.7665496
10.381283,-4.458701
10.098883,-1.5982442
10.451163,-4.3949504
12.512169,-3.4984796
9.918765,-0.5544591
13.641885,-2.6929917
9.568479,-3.77713
10.670155,-3.3128428
12.047795,2.1893916
13.338359,-1.710145
11.356297,-3.7516572
6.189245,-2.7452602
11.578604,-3.0411165
10.40505,-3.1583881
12.394778,1.3554393
12.934038,-1.3610698
13.924111,-3.1438344
12.000997,-1.1184477
6.5522203,-1.4551756
7.9933195,-5.7493634
10.664228,1.3099902
9.662722,0.5590719
10.381577,-1.3043066
12.807616,-3.1486979
7.767861,-2.357334
12.601073,-0.9326647
9.911939,-3.970444
12.583545,-1.1851609
9.102141,-1.0767711
8.711788,0.8268451
12.860577,-0.03364219
15.906579,-1.8567398
11.8728,0.095318004
11.615072,0.076660104
12.301166,-1.0392985
10.08853,-1.5678456
13.325183,-0.267181
10.348773,-2.0209708
7.3687596,-2.2749045
10.551244,-5.6891446
5.999048,-2.7023728
12.233562,2.6430008
8.760468,-2.31004
13.929404,-3.1944103
14.038987,-3.2820952
11.759467,-3.0198615
8.954505,1.2908376
12.362578,-3.4302578
8.945865,0.69359934
8.816587,0.5791912
11.341268,3.7866287
10.839644,3.165948
14.473504,0.97176725
13.456534,-2.8243542
12.83244,2.999908
10.98634,-4.0066996
12.599333,-1.152989
13.866423,0.040246554
11.8455925,-4.65539
12.112335,1.1028159
11.361783,-3.2576542
12.104388,-0.95378727
10.297395,-1.9731928
12.406712,-1.2412245
12.290405,-2.8535903
12.108963,2.650261
13.937489,-0.037950434
7.3844814,-2.3179216
13.333341,0.5109526
9.792433,-1.831078
11.8504505,-4.65917
12.293217,1.3098032
11.689936,-0.8519119
11.6176605,-1.3836045
11.962248,-4.7759824
10.445001,-1.7308135
12.233109,-0.21062037
11.379241,-0.5822799
13.638493,-2.6964698
10.293165,-1.2189642
11.506451,-4.2430105
9.54637,4.042775
13.288445,-0.157142
10.229878,-3.7324913
10.7139225,-3.7801297
10.596845,-3.8472655
13.335971,-0.32364014
13.686912,0.42505768
11.628618,-4.060305
9.466447,-3.4007387
12.916942,0.046983745
7.4693694,-2.290593
11.558374,-1.7263464
13.874514,-3.1105125
11.85204,-4.6628604
8.692832,0.79479045
9.657542,0.17720711
11.775239,-1.1960334
11.634309,2.1816127
12.483856,1.3707293
9.431482,4.1392765
10.834814,5.6266165
12.021474,1.6841049
10.391184,-1.4754839
10.716565,-5.640012
8.074668,-5.524641
9.963147,-6.0142756
10.344054,0.49711317
8.666533,-3.461327
11.039599,0.4554054
13.91004,-3.2327557
13.320356,-7.409692
11.489652,-3.4983191
10.008074,-5.618592
12.357425,-5.259693
10.422772,-6.0199795
10.953791,3.1789002
10.376116,-6.149771
10.169659,-5.6510086
6.702779,-2.1089513
10.2866335,-6.095078
10.989395,-3.190747
10.412704,-5.862891
11.773204,-1.1238593
10.8100815,3.4898489
11.433016,2.9403822
12.526609,-3.4761882
12.302825,-2.8011734
11.3477745,-3.4420567
11.837477,2.091232
10.359989,-6.143711
13.9660225,-3.054491
8.639521,-3.2818139
13.057409,0.5073158
12.302889,2.457036
11.777099,2.3105457
13.168149,0.3533397
12.121244,1.0760691
12.280858,2.3757474
13.371044,-0.3754163
11.096598,3.0347626
11.232511,-2.6038241
9.842641,-6.0251994
10.527533,-5.3592677
11.994014,-2.6570394
11.330385,-4.047294
8.161335,-5.701644
10.3401575,-6.1030674
10.49254,-5.909352
6.072628,-1.945054
8.6918745,0.82379997
12.157674,-3.2419684
11.882691,-1.7942535
13.965831,-0.6460157
10.397192,-5.8790965
11.328172,-4.0465508
12.259858,-5.161746
12.183718,1.262721
13.414939,1.2308885
12.328673,1.3704487
7.936471,-5.1015744
10.510138,-4.3028874
12.178812,1.2459947
13.376426,1.1029347
7.7801485,-5.5183806
13.361806,0.49789995
13.785624,1.2431481
7.9097285,-5.137414
10.468718,-1.7767532
13.10937,1.0653481
10.698101,-0.46269196
12.784929,-0.8846507
9.3688135,4.1117387
12.272572,2.4206882
11.634787,1.3678347
14.506698,0.8854274
10.783899,0.24404247
8.953411,-2.1317792
12.899088,-1.2571658
12.9864235,0.8074812
9.46651,-3.977677
8.093871,-2.4257147
12.9245405,0.06292505
10.235796,-1.6619834
10.767645,-0.47946182
9.338325,4.0333605
10.3585615,-4.433793
10.200609,-1.9132726
8.996214,-1.0147337
7.8621383,-5.761281
13.189101,1.1473705
9.610488,-3.8182037
10.408545,-5.9079566
9.997085,-2.2546797
10.410619,-5.895425
10.231814,-0.79037696
10.362258,-4.5179977
11.2132845,-0.012833579
13.269463,1.8224728
12.940437,-1.1209137
6.6119027,-1.9411671
15.887521,-1.8895609
7.770548,-5.615813
10.394224,-4.4963293
13.902607,-3.1516633
11.875184,0.4697161
11.097704,-3.614302
13.0198,0.9275612
10.381741,-3.1405473
7.9237924,-3.6196399
11.916106,-1.133674
13.663892,-2.6942198
7.4357452,-2.3197358
11.4684515,-3.3981986
11.444858,-3.1574972
13.3573885,1.2201531
11.928848,-1.1534636
7.875115,-5.788253
11.015274,-0.49432683
13.8089,-2.8793669
11.1664715,-3.176576
13.343843,1.0457091
10.36963,-6.1047864
13.929085,-3.2254727
13.602602,-2.8112047
13.281015,1.1993569
14.000553,0.7315568
13.948544,-2.918991
13.269385,-2.8389175
8.700681,-3.428592
11.484155,-3.6987808
12.055007,-1.1500902
12.320536,-0.39278865
9.836962,0.23833951
10.43175,-5.7898664
10.716806,-5.6355467
11.52352,-1.602565
12.619825,-1.1959487
10.164382,-4.357352
7.922548,-3.63102
11.353749,-3.7110443
8.009912,-0.86849576
10.448651,-4.402789
13.304217,-0.33030954
11.6106615,-3.2324345
10.745136,-5.622793
13.347995,1.222212
11.228266,0.0075064697
10.462965,-3.1617393
8.865271,0.51436317
13.541475,1.0795109
10.417423,-5.6874194
8.707825,0.7787153
11.472081,-3.6281393
10.289463,-5.7840734
10.221604,1.9935516
9.279686,-3.367483
10.839241,3.2310557
6.6993265,-2.0382652
10.874514,3.123089
10.841175,3.1893687
7.9181943,-5.097696
7.9315333,-0.81654626
6.648851,-2.055336
5.1861086,-2.1693096
7.8023453,-5.6271763
8.843255,0.5611175
11.153795,-3.271371
11.242415,3.0754588
9.168268,3.822659
9.732234,-3.8342457
7.714827,-5.6006165
9.091686,-3.1535332
10.540021,-4.3112855
9.438914,-3.8367124
9.236497,-3.147054
10.369466,-6.0012193
9.98837,-0.5713341
9.205792,3.8518832
9.478395,-3.956276
7.634409,-2.3664136
10.54546,-4.3565254
9.411825,-4.004677
8.932746,-3.932908
12.968215,0.6252543
13.347357,-0.10176256
13.18198,1.3932954
9.409169,4.1150656
13.677914,0.22760648
9.255109,-3.275411
10.883546,3.0817904
10.861242,-3.7036047
6.563439,-1.4981037
13.29952,-7.3881397
9.25839,-4.0938473
9.805774,-1.8636839
10.38899,-3.1615007
13.370253,0.5188673
7.753047,-5.5259576
11.574972,-3.043295
10.965399,-0.41308963
10.731962,-4.0860167
13.449249,0.47169253
10.245112,-0.17139617
12.212777,-5.1040826
13.99289,-0.6172349
13.366601,0.89967036
10.226289,-3.6445858
14.033531,0.7147386
13.0462,2.2974434
10.384759,-2.9683414
8.040531,-4.999785
12.792646,1.2065843
11.025578,-2.8995683
11.577171,-3.61418
12.265515,1.3150135
8.897181,0.51614785
14.651001,3.4428666
13.378546,1.3435355
12.107382,1.647096
13.194514,2.2521338
10.193676,-1.7578492
12.370356,1.3580548
13.203739,0.32406375
11.639954,-2.6339126
13.389146,0.53173465
13.200981,2.2667923
11.001628,-3.7681167
14.048062,-0.7087862
12.839942,-0.12136491
8.156806,-4.860297
10.125892,-5.3062177
13.892354,0.08632668
12.7354765,-0.85250014
6.2875338,-2.6685824
9.598091,-4.095119
13.374189,-0.07241267
8.921422,-3.914435
9.2179165,3.7926142
9.144884,3.7338076
12.625601,1.6705824
13.365558,1.9587697
9.271224,3.8866334
14.009651,-3.1701581
13.2692,1.3579403
10.730981,0.039492004
13.92525,0.10141555
12.902438,0.030192574
9.358426,-3.1605148
7.7866836,-2.3797436
13.892476,-0.62333053
13.976645,-0.6664429
7.7497,-5.5752006
10.835845,-0.087235555
10.0348625,-1.1777484
10.924633,-0.51037306
10.954922,-0.4810604
10.705393,-1.8256053
10.020413,-1.1166553
10.327602,-0.76921284
11.854885,-4.6621456
11.616343,-3.445052
10.590246,1.24875
11.535278,-3.5659657
9.781171,-1.8353523
6.574421,-2.3500512
5.55409,-4.529069
13.322566,-7.4120955
8.284417,-2.1978455
15.893453,-1.8720834
9.045573,-1.0583109
9.213786,-3.0849452
10.085443,-1.4414928
10.1734915,2.7548578
10.290624,-3.6072953
13.918155,-3.1442137
11.853085,-4.6605043
14.073964,-3.1005597
8.005264,-0.8122917
11.672715,-4.1207356
10.792765,0.12602231
13.228071,-2.2521822
13.502879,-2.3557951
15.889455,-1.8785336
10.900158,0.4132631
14.097556,-3.164209
10.405274,-0.6219366
12.942994,0.5668031
6.3859286,-2.4682505
13.539959,-0.000868855
10.760498,-3.758433
5.5498314,-4.5211077
5.548539,-4.5195518
10.931753,-3.8763607
7.9168634,-3.6240966
9.243904,-2.8686628
14.24672,-3.031837
10.956039,0.6058916
11.899293,-1.215407
6.314766,-2.6631403
9.10325,-3.1292918
11.0042,0.4106212
13.849352,-3.0327055
13.778573,-2.8525336
11.859006,1.9047941
9.631186,0.17262682
12.831598,-0.024001183
13.939061,-3.1693635
6.5764313,-1.3873968
12.690051,1.1365411
9.821775,-6.033371
6.177885,-2.8146214
12.86949,0.050967176
10.270023,-5.59567
8.109514,-5.630246
12.808569,2.982501
13.204771,-2.924202
13.187624,2.283695
11.466334,-3.7558656
9.6461115,0.09609779
10.195558,-5.622185
8.887734,-2.1996014
10.118438,0.16468348
14.322585,0.9428879
12.067954,-3.137139
7.7394385,-2.1901128
11.742461,-0.94487816
12.310004,1.3778653
10.193763,-5.740724
7.827534,-2.2142813
12.173144,1.1713724
13.061303,-0.40009212
10.304271,-5.805473
11.683126,-1.1534687
11.589581,4.0554376
11.860535,1.916307
12.053391,-2.4822927
8.980324,-3.831801
6.605246,-2.0374792
7.9093857,-2.2478714
9.439972,-4.013789
9.240578,-3.3219328
6.727054,-2.0944684
10.073843,-0.61193675
9.372937,4.1519184
7.516383,-2.3052797
10.778739,-5.5752864
7.768989,-5.493752
7.8602886,-5.747429
10.409063,-3.9068244
13.047564,2.120805
7.751573,-5.5831056
13.374716,-2.8266492
11.988911,-2.9975262
14.481849,0.94936895
9.928183,-6.030546
8.751223,0.90467316
11.393815,-0.6356665
13.361552,0.8969422
11.38956,-1.7322584
12.885705,0.58978695
14.191019,0.6815689
9.544964,4.0648847
13.943406,-0.03929464
11.956032,-4.776302
9.411176,0.72358626
10.835379,5.626992
10.64803,-4.2399087
9.023663,-3.0912995
8.21485,-5.3407283
10.41209,-6.1280565
13.964859,-3.1634045
7.7818546,-2.3440526
13.319065,-7.4073043
13.237775,0.17312145
13.403285,0.37292665
8.753411,-2.271745
12.212575,1.2677195
12.626685,1.2166269
9.312236,-3.214395
5.999856,-2.6517928
12.345556,1.4192252
12.835176,-0.810601
13.925434,0.13060832
12.235686,-0.22111036
10.994123,0.20274954
10.931184,-4.077597
12.578424,1.17399
12.0902405,-3.159157
13.556836,1.2876309
11.036628,-0.6894691
10.410137,-1.7477902
12.8291,2.9949408
10.165376,-4.252846
9.661072,-4.0389566
11.582242,-1.1443168
5.622948,-2.5288124
13.9836035,-3.1959653
9.450812,-4.0301
7.9980655,-0.8534792
12.363253,-1.2552087
13.478415,1.5820045
13.30072,-2.8751676
8.93897,-3.9384818
12.472643,-1.2189957
10.469053,-5.562079
8.928238,-3.9680724
12.252198,-2.843848
11.2034855,-1.1298999
12.201378,1.3948199
11.6656685,-4.4771504
11.707459,-3.9485219
12.277665,-5.1819034
8.072937,-5.3627286
10.016328,-1.088594
10.508012,-4.4058995
10.026525,-1.1206152
5.5009155,-2.4186032
13.589614,-0.5160107
11.514103,0.330448
11.191769,0.6630154
10.395961,-0.56702125
8.671724,0.90785015
10.028373,-1.1279212
12.812824,2.9701302
10.949793,-0.4913625
12.198262,1.5965681
13.210972,-0.30475047
9.762193,-3.8787704
10.349588,-1.5436982
6.3257365,-2.6830647
9.401424,0.90540254
9.085421,-3.1213791
10.521296,-5.932802
10.161912,-2.0244682
7.9290643,-0.79966724
11.237049,-1.775184
7.9452558,-5.1037183
10.593468,-1.8366079
13.674691,-0.5929836
12.421145,1.4064938
13.6437,1.1962544
13.410033,0.35569447
7.9178767,-5.601196
12.183048,1.5516821
9.085209,-3.1294625
13.381175,0.58847636
9.987523,-3.5004063
10.336931,-1.3197474
13.882235,-0.5209403
13.947485,-3.1929512
12.025527,0.051260106
7.8041897,-5.6336207
10.475287,-5.817489
11.83331,1.8895338
11.170975,1.8762547
7.79453,-5.403302
12.193111,1.2535121
11.6645,-2.5857224
11.433502,-1.7025023
10.760244,1.3991452
9.365756,-3.1496186
11.332456,-4.072995
10.184631,-4.022137
13.231155,-0.33596283
9.206204,3.7040303
10.31411,-5.8536806
11.952186,-2.7324207
7.866924,-2.172601
6.3573074,-2.6343162
11.385678,3.052051
13.673137,1.1813039
6.5638165,-2.308408
9.338966,0.91701144
13.985602,-0.6518205
10.921755,-0.9652816
11.48919,2.8609185
10.801324,3.1829667
10.3348875,-6.1731625
11.035661,-3.5149086
13.961347,-0.6628201
11.202886,-0.118207164
13.592918,-2.5783026
12.178725,-0.49188787
12.735666,-0.9511614
6.613452,-1.2765583
9.259328,3.7355888
6.678184,-2.028303
11.0279255,-3.4535277
6.185299,-2.6913085
12.879134,-1.3248297
10.408101,-3.7773738
13.018876,0.87116605
15.890896,-1.8673872
12.850938,0.58383054
12.263854,2.4365025
13.230146,-0.32591125
7.720761,1.803114
13.7416725,-2.785248
11.421228,0.09927851
11.523449,0.02229485
11.9573965,0.78537554
13.9170065,-0.4193248
13.289285,-2.8646238
9.792969,-6.0404844
12.011076,0.4502312
13.850035,0.19182277
9.674351,0.21022868
11.45092,-3.475476
9.710159,0.07498528
10.196632,0.17554063
15.887489,-1.8863015
9.214284,-1.8352677
12.249732,1.2893643
10.632993,1.156219
8.023139,-0.8813639
10.880096,0.055532277
9.2157345,-3.3329427
10.826289,2.9974728
12.154305,1.1981506
12.330997,-0.2308261
13.512325,-2.2946153
13.328594,-0.17677046
11.034746,-3.4662592
11.580215,-4.0303493
14.037683,0.7139785
13.3485985,1.4489229
10.008239,-3.5061162
10.192956,-1.9953612
10.562292,0.2146538
13.249222,-2.7950566
9.39809,4.121733
9.119464,3.6904325
11.502743,0.05732046
8.000876,-0.824081
12.203455,1.2820334
10.2719145,1.9676156
5.5269194,-2.4199684
12.879373,0.085897125
5.273627,-2.219783
12.199135,2.6370175
10.479776,0.14207253
7.8084874,-5.5107837
10.284015,0.77443665
10.2779665,-1.7673895
11.850958,-4.6575446
12.144046,1.624364
11.0147505,-0.42713347
12.42728,1.0125767
6.6949635,-2.0424027
13.179839,2.2166767
9.429213,-3.1258564
13.320283,-7.4091654
10.121102,-2.06986
9.987295,-0.5662126
8.852333,0.5407621
13.568418,-2.8125296
13.349133,1.9871706
9.459885,-4.037137
11.660748,-4.447847
14.167011,-3.0835733
6.531651,-1.5401727
5.8735533,-2.0108125
12.338893,1.3676902
9.330781,-3.25548
12.880794,0.0066814674
11.840082,-1.9353656
13.778976,-0.29984567
12.292515,-0.6834711
11.482787,0.09726553
11.582067,1.3767983
13.995003,-0.64927226
10.991808,-1.0663332
8.893532,0.50175756
10.407036,-4.463504
9.2426,-3.5876281
13.271241,1.8114152
12.360221,-5.264256
13.110708,2.2262313
10.405224,-6.069195
14.012414,0.728691
11.918595,-2.2995534
12.31431,-5.217348
7.9343576,-3.6313128
6.594805,-2.3578093
9.946057,-1.4649361
11.347393,3.8133812
14.565894,0.83173233
9.320421,-3.2145598
13.932506,-2.6633077
9.008202,-2.0238192
11.286493,3.1065128
11.393947,-0.62411183
10.691438,-0.57196724
10.278315,-1.6815023
9.105792,-1.9476695
13.13594,2.2078223
13.444911,-2.421487
13.460604,-2.4187982
10.368007,-6.008066
13.441238,0.7750729
10.115074,-5.6953897
9.992457,-0.5715633
10.722291,0.009878382
13.92598,0.15176655
13.481555,-2.383235
9.804366,0.22884065
12.052943,-4.895858
12.324055,-3.324172
15.883282,-1.8585646
8.661361,0.90366316
12.148491,-3.222858
14.291803,0.9159733
10.830214,5.624008
6.6782413,-2.0489318
10.375339,-5.926173
13.901817,-0.41710404
9.751301,-1.8846707
9.271843,3.7315152
12.224936,2.601466
9.671881,0.12500952
9.487339,-4.0826044
10.601648,1.1674601
12.272955,1.4955193
12.389161,1.3799965
10.576872,1.1790369
7.6398826,-2.2937746
7.8772287,-4.985418
12.073861,-1.6931554
11.05836,1.3007122
7.8545637,-2.4173763
10.221483,-1.8290361
11.85399,1.9145576
9.340493,0.91890365
7.8610306,-5.8117094
9.07107,-1.0649657
10.268972,-5.7903
12.611575,1.4769737
8.708377,0.7536104
13.012695,-2.396142
13.212042,2.2646232
9.174293,1.328912
13.137832,0.69786674
5.212658,-2.1501732
11.059387,-0.5140835
7.7730885,-2.2621372
13.036342,1.0926163
11.217711,3.877791
7.9838367,-0.82027805
13.9459915,-3.1669185
11.437013,2.9480588
8.153082,-4.87548
9.3362665,-3.220537
13.948802,-3.2030718
15.8792715,-1.8667053
11.69542,-0.96917474
14.174176,-3.0624378
10.422725,-4.4475193
7.867101,-5.3814735
10.335394,-1.6190706
11.831215,-1.5083637
6.651719,-2.012903
7.934548,-3.642263
14.425762,0.88437384
9.327087,-3.2982075
11.42198,2.9409595
12.581218,0.18978296
8.696154,0.8488044
10.189316,-4.070517
10.847023,0.0023593556
12.051263,0.44456422
12.026744,0.6337163
5.9944773,-2.398814
13.736178,1.1462703
11.790911,-2.7542832
10.693916,-3.3364255
14.09763,-3.3410723
11.755446,-0.60932285
11.25849,-3.7519336
8.975932,-1.0024018
9.465329,-3.9655762
13.984785,-0.19576864
9.671843,0.16327003
9.284703,3.7215242
9.22781,-3.0477147
11.770598,-2.7488668
10.810844,3.2114794
12.350852,-1.5788146
10.949081,-3.948132
11.80635,-1.1269574
12.317695,-2.8053753
12.920428,0.54911536
10.241123,-4.337644
9.712911,-3.916958
9.690103,-4.00801
10.066728,-1.1018951
12.429904,1.3009727
10.1541195,-3.7951045
13.199158,-2.1413267
12.773141,1.8247684
11.542332,-3.9359074
6.77309,-2.0622153
8.036032,-0.75723106
9.469904,-4.0786223
9.113318,-3.3781521
10.29516,-0.84232515
11.751921,-0.85442656
9.4377775,-4.0542307
8.071264,-5.557823
12.872962,0.5269563
9.150068,3.6877933
13.8130045,-0.2568279
11.821471,1.8478782
8.097658,-0.7652441
11.364242,-2.847982
7.766104,-4.9860992
11.412011,2.9450753
11.004986,-3.7396939
13.174782,1.2907965
12.847222,-0.012663917
7.8493733,-5.63382
13.350265,0.3431897
8.055579,-0.97165155
9.370623,-3.7252567
8.7616,0.66623676
12.026045,1.6896545
15.866117,-1.8621689
11.964394,0.718605
11.419209,0.9180409
10.300759,0.73740214
9.277052,-3.2336905
13.822834,-0.60485244
9.07847,-3.611578
10.273102,-2.0291696
11.090888,-0.4133236
10.661392,0.15161203
9.459379,-3.9711542
13.954132,-0.64322996
12.184,-3.2340984
9.157428,-3.3283458
10.162588,-1.8032119
9.762726,-3.9727752
10.290012,-4.4092674
12.006732,0.8585702
11.888901,-0.7164817
5.243724,-2.2176492
13.316442,-7.404539
12.29144,-3.319598
12.9105625,-1.3609449
8.88293,-2.1691146
9.634284,0.002218523
10.573843,-4.3057947
10.726785,2.9901166
11.74578,-0.91056997
12.782464,-0.9092355
14.000369,0.7093079
11.376341,-3.2029684
8.932941,-3.9013705
9.718454,-3.7646732
10.353089,-1.3631963
11.830877,-1.1486135
11.539278,-3.6542914
13.251956,1.4451059
12.012013,-0.5516555
12.609726,1.2087405
12.010133,1.4462678
12.184405,1.2514385
11.036598,0.43160838
7.7225866,1.8015978
10.376493,-4.497869
7.7606807,-5.545046
9.142325,3.8328972
12.837241,2.9789293
12.83066,2.9848487
10.212504,-4.00219
12.879468,0.57065743
11.984508,0.43198845
11.326999,3.0490422
13.148652,1.1775202
13.320579,-7.4101233
7.927557,-5.097884
11.833129,1.907734
11.413246,-3.5053172
13.321256,-7.41142
10.126548,0.20268473
6.119663,-2.8176463
8.866187,0.53979415
6.388653,-2.529867
12.267815,-1.5429323
7.9531536,-0.8119516
5.9753866,-1.9850904
11.599262,-4.2887764
8.063759,-1.0791726
7.662653,-5.5891085
10.339264,-5.7496176
10.08011,-3.6162434
9.996854,0.25395316
11.396079,-0.6021099
7.9199815,-5.217327
11.698024,-1.0218018
10.334454,-6.1764193
10.4178505,-4.4122543
7.733538,-5.5481067
12.926886,0.7433256
10.354947,-6.0986247
9.82899,-6.028929
6.728057,-2.0686288
8.904992,0.625417
11.843673,-4.649913
12.153438,-5.025732
11.01446,-1.9284779
11.822626,-1.1348178
11.038948,-1.9889959
6.636438,-2.0325923
9.977857,-0.5672273
13.290568,1.0001241
9.332944,3.614703
12.301856,-5.20573
7.9938946,-0.83983606
6.1155205,-2.924779
13.519367,-2.5919766
13.276814,1.1333915
6.5124025,-1.6911435
10.379875,-6.061365
6.6144805,-1.2795376
12.066212,-3.150478
10.954485,-2.6979976
9.197579,-3.3510516
10.527336,-5.8497634
13.50281,-2.5044067
12.307061,-5.210375
10.77514,-5.5486083
12.486137,0.3290157
12.809266,-0.004432268
8.018414,-5.360481
10.610408,-4.259419
13.093048,1.0761874
10.776197,0.87938464
6.655067,-1.9774567
13.392856,0.40192392
11.421269,2.944423
12.049205,0.49817216
15.862448,-1.912782
9.160778,3.8107362
13.206775,1.2298971
11.49184,2.8816965
7.987809,-0.8470063
11.004965,-1.0689328
8.015425,-5.5480905
12.9071865,-1.4569365
12.0211,1.1082134
12.547803,1.7375066
10.240472,0.55769324
12.92319,-1.4481539
11.3816805,3.8665063
10.837149,3.569279
10.391494,-0.17397173
9.53056,0.09075852
10.227713,-0.34182045
12.319521,-5.223025
13.27702,-2.870651
13.175012,2.240413
7.265182,-2.2470746
10.389291,-4.467423
7.9273443,-5.138683
8.89002,0.57065916
10.389206,-0.9096713
12.281743,-5.1862326
13.38433,0.88267666
10.215342,-3.692901
10.324005,-4.4452963
6.4405403,-2.3667328
10.863151,-0.47226736
11.23788,-2.9115717
9.095264,-1.0863596
14.637082,3.4228919
9.438586,-4.0146065
9.778062,3.981908
13.28171,-2.3436577
9.440251,0.026104093
10.355425,2.3762596
10.394503,-4.477379
10.71684,-0.5465696
11.745921,-1.0116137
12.495461,0.1738174
12.148952,-3.213345
12.31689,-1.5802425
10.713272,-0.5336362
13.955454,-0.08074303
11.103435,-3.0288067
12.287569,-0.1663584
11.078202,0.47797847
7.547987,-2.2955022
10.132757,-5.6835527
6.968607,-2.14636
8.75332,-2.325467
6.1255465,-2.3860185
12.045166,2.1388533
11.831629,-0.9984702
10.135667,-5.734898
11.572832,-3.0137248
11.803383,-3.012323
15.892609,-1.8630805
11.003875,-0.5409802
10.4711,-0.6540416
13.302499,1.860281
7.978024,-5.143165
5.5080757,-2.5894732
13.997851,-3.2031178
10.826671,-2.8342884
8.229228,-3.6164503
10.837388,-0.6082285
9.382407,4.0961967
13.684599,0.39427578
8.610351,1.012171
14.486387,0.9397131
11.0934105,-2.7710116
13.338372,1.9518036
13.50334,-2.917351
10.492115,-0.9200061
5.4675307,-2.474156
12.201021,2.6122513
10.358943,-0.9701529
10.633204,-1.849825
11.112523,3.0516088
8.046618,-0.94680995
10.907354,-0.2939719
11.880344,1.9046302
10.293301,-5.827737
11.414674,-0.6221069
14.128591,-3.3962476
13.461252,0.5697913
12.5142355,-0.94743776
6.5665703,-1.4361308
8.682849,-3.4268527
12.259488,-5.153774
14.537723,0.7960566
14.095053,-3.3139005
10.865934,0.21710488
10.694194,-0.51975703
11.210041,-2.8123348
10.004743,-5.2848115
12.294718,-2.807066
11.164138,-3.6515386
7.6838164,-2.1059213
10.999027,-0.44253772
12.026843,-3.0322146
10.826249,-0.016320277
11.487624,1.6296926
9.165806,1.327085
9.2688,3.759868
10.374131,-1.2325014
6.945863,-2.1409774
9.677973,0.09103593
6.5371137,-2.0688672
9.476524,3.980321
11.749846,-2.7004428
7.3837814,-2.277858
7.7455835,-2.2810695
13.374924,1.2590866
7.829727,-2.4720018
5.56622,-2.5246117
10.464329,-4.436238
13.427328,1.3986212
13.222302,1.3786098
12.047203,-1.2006124
7.7307005,-2.1598897
13.458026,0.39316455
13.755868,-0.28261146
12.870566,0.51173925
10.360586,-4.4687843
9.107249,3.6740367
10.227383,-4.342816
9.280145,3.7647336
10.578818,0.3777271
12.121619,-0.5197169
9.406786,-4.0831547
11.202583,1.8952861
10.4162855,-1.4602351
11.729464,-1.2540486
13.751027,1.1181561
9.26649,-4.092283
10.52339,-5.582914
12.316586,-5.2214828
10.234623,-1.6532987
9.6252165,-4.064775
12.903986,0.55385715
10.561111,1.3220674
9.751414,-3.8947668
11.876489,-0.50473523
12.756606,0.55144405
9.638383,0.15093432
11.798107,-1.2170838
10.326771,0.8952966
12.22244,-0.18388599
10.735455,-5.6565742
11.420633,2.9771888
11.026848,-0.45642018
10.403172,-3.120981
10.072,-0.1377556
10.2210045,-0.34739944
13.126346,2.1885538
12.850508,0.07678747
11.129428,0.030539589
11.187125,0.84111226
5.992604,-2.134226
8.696508,-2.2450542
10.597557,0.24893889
11.84561,-0.8071226
13.955288,-0.6567139
8.091374,-1.0125753
13.998104,-0.5960154
6.263496,-2.5886471
12.075931,-2.9861224
9.625997,0.16810404
12.653895,0.1772045
10.155752,-4.047155
11.9848,0.8481348
12.851472,-0.053018507
10.481766,-6.007281
11.951099,0.712495
10.004978,-4.1325717
9.78717,-4.011818
10.263352,-1.7719767
8.68322,0.88433033
9.854057,0.19389085
7.844187,-5.535779
5.299107,-2.2159986
10.797326,3.1877496
7.7610765,-5.607157
9.081337,-1.8334289
13.320879,-7.4112926
11.5604315,-3.9412284
10.035567,-3.5527618
10.0036125,-0.57008386
8.003733,-0.7721226
7.8687587,-5.1869593
12.061224,1.7269983
13.312993,-2.8587172
11.295281,-0.5867923
13.298547,1.457498
9.56754,-5.428065
8.023241,-5.713816
12.327402,-5.2315164
10.038874,-1.5252758
7.7158556,1.8037466
11.4726925,-1.9949324
11.230262,1.9934461
12.759577,-0.93127733
13.489682,-2.636725
10.834271,5.6290464
13.355473,-0.09934916
15.576307,0.63478583
12.0441265,-1.0260627
11.724778,-1.0208001
9.660712,0.17060976
11.186824,-0.35633266
7.7673607,-5.5750413
8.699436,0.83592904
13.152407,1.1503383
11.421169,1.9310327
11.478059,-0.64680374
12.234895,-1.491899
13.343279,1.3525015
11.498348,-0.6626895
9.169903,-1.843652
13.27435,-2.8663137
12.138303,-0.6210594
11.164005,-2.8630729
11.456319,-0.31115
8.925515,-2.1393573
10.528199,1.6837865
13.457664,1.2754413
11.989908,-0.55490977
11.1381645,0.43637982
10.250698,3.520625
10.355267,1.0893447
10.180215,-5.2531815
11.110575,3.0811617
7.9172072,-5.101821
12.521304,1.1038283
9.229182,-3.3749208
10.461455,1.4947764
13.870414,-3.3813577
9.539292,-0.011352643
10.99427,-3.4837618
10.752298,0.0823441
10.792808,0.2693535
10.398456,-6.1008315
11.654233,-2.996483
12.735175,0.06024565
5.949812,-2.6782951
10.086811,0.27293998
12.175561,1.6354089
13.202055,0.82392126
5.548789,-4.517754
9.637984,0.16757907
13.384673,2.2177114
7.952703,-0.823079
10.77504,-3.4226818
11.327647,1.6510428
12.437245,-0.2549731
10.597038,-0.32353404
6.1047225,-2.7924662
12.5109825,-0.91723496
10.217824,2.011344
8.882596,0.5420222
13.5239525,-2.5889459
10.33037,-6.162852
11.38835,-1.4770368
13.487798,-2.8124273
13.658783,-2.675018
11.918992,-2.101826
10.372659,-0.7828766
10.429139,-4.483552
9.447274,3.574504
11.278891,-4.080892
9.497987,0.07311449
6.602872,-1.3041717
13.314596,1.9500899
13.449545,-2.4544125
10.50429,-5.953386
11.4153595,2.952221
11.556531,-3.0090218
11.971377,1.0544608
10.053925,0.2362182
10.57905,0.08043411
11.852094,-4.6613073
13.37314,0.33423024
10.688672,-0.7240185
10.215618,-0.35490534
8.743531,-2.1465793
8.651354,0.888793
10.224937,-0.340351
10.351292,-4.4653244
12.329453,-0.21936473
10.81928,-0.57316166
13.342642,-1.7037898
11.142302,-0.44722873
11.320088,1.6511921
9.644772,0.11914744
10.7809105,3.1727295
13.300222,1.4607885
10.168508,-5.6989536
9.983999,0.26422137
11.552263,-3.4014852
13.835585,-0.7125662
7.8762617,-5.192654
11.327498,3.8184273
10.82423,3.5754483
8.745451,-2.2826104
10.595584,-2.687436
11.020367,-2.7458668
10.997022,-1.6637825
9.739178,-4.104789
11.372905,2.1074464
14.649313,3.4411716
10.992476,-0.4964182
7.756009,-2.1676333
11.8304405,-3.955397
10.88345,0.1741567
9.658753,0.1577855
11.432556,1.0245215
11.567043,-3.9654489
13.002079,0.5943623
7.746439,-2.1618605
10.987038,-3.5003233
9.174818,1.3561472
12.206698,2.6022148
8.821584,0.5715483
10.210556,-0.65845335
11.347614,2.0519967
10.13303,-0.6167046
10.232163,-0.6747688
7.760403,-2.1656456
7.994554,-5.1660748
14.144359,-3.394491
7.727502,-5.5843124
7.850954,-2.1109118
10.765612,3.1933677
12.179072,-3.2494626
11.158828,-2.9572718
8.766173,0.66423917
7.814762,-2.2136662
13.974772,-0.3463782
9.501725,-3.5847507
9.065714,-1.0418427
12.609969,-0.29546466
6.040829,-2.154635
11.171116,-0.5460862
7.0732546,-2.0893538
10.431883,-0.851802
11.82968,-1.0347816
10.296769,-0.3281546
14.452544,0.9449114
10.130859,-5.6268916
13.993405,-0.3716446
6.002874,-2.670912
14.506403,0.95596355
12.316891,-5.2233024
9.586632,-5.475327
13.308753,2.0798757
7.414734,-2.2807403
10.10811,-5.7283454
13.744151,-0.8325024
12.420947,1.433727
10.210795,-5.615669
12.3084135,-5.213554
11.999065,0.85506153
8.110192,-0.78925395
12.739361,0.08425314
12.02912,-2.9824944
10.560501,1.5792197
9.6103735,0.025483927
10.34828,-3.764682
9.628164,0.14675565
10.701578,1.4523172
6.6757565,-2.0306752
13.887881,-3.1933992
13.4279995,0.41198793
5.202444,-2.1946585
12.471029,-0.93098927
11.709441,-3.022539
14.402664,0.89949006
13.198697,2.238195
11.058067,-0.4574334
14.185932,-3.3948011
13.746081,1.1358166
10.739285,-5.61832
10.46168,3.3905406
11.616164,-0.7885028
11.218281,-3.1662219
12.147736,1.667633
11.733759,-0.89441735
11.433444,-0.44325683
12.311864,-2.8045394
5.6618,-2.6247313
13.816655,0.008779744
13.143668,1.9572897
10.492881,-0.90847343
9.312018,-0.042510998
13.901121,-3.0859258
11.984491,1.0628017
13.91821,-3.072957
13.572217,0.805229
13.332639,0.9797657
9.010541,-2.1064663
11.853967,-4.6558123
12.494512,0.18679462
13.044616,1.2504362
9.077194,-2.1860209
6.365771,-2.9085684
10.605433,1.2094978
9.872121,0.22195618
13.366581,0.9021093
13.761857,1.1696683
9.171081,-1.1586587
13.381023,0.88750535
13.421254,0.8696891
13.396645,0.85068417
13.423039,0.8412841
10.250717,-4.5718246
10.366262,-4.423189
10.295724,-4.6847568
10.302631,-4.6661205
10.337221,-4.8786335
10.183142,-4.670572
10.126523,-5.618987
9.558736,-5.4213266
9.788677,-6.070449
8.698441,-3.3320878
10.221324,-5.5581837
10.185129,-5.704593
10.090654,-5.72999
10.205865,-5.6828856
10.393088,-6.070003
8.94697,-2.1152549
13.3079195,-7.3954744
10.113721,-5.605235
9.155346,3.7938426
11.053943,0.46067455
7.92759,-3.6188695
9.574671,4.0294094
11.32208,1.6331301
13.094734,0.88606656
10.388965,-4.486441
8.650075,0.91341347
8.567476,2.7918293
10.394333,-5.7321634
9.30523,3.6110291
10.303488,-4.423481
11.501474,1.6020423
8.871385,0.55240864
9.402517,-4.0012345
14.5734005,0.8177097
11.505499,1.6134945
13.957179,-0.61933774
9.489902,-4.0395308
12.503238,-1.5619026
12.254896,-1.5985299
9.153293,3.828182
9.549025,-4.0955343
10.447936,-5.5265117
9.480302,-4.0045233
12.072146,-0.75625014
8.932799,-3.9067385
9.974612,-3.778466
12.216371,-5.110864
9.509194,-4.0905
13.224594,1.022723
13.906234,-0.40364224
11.2850895,-2.7897983
13.957022,-0.67203844
13.864172,0.21485147
13.9940815,-0.5011808
12.911417,-0.35868952
13.990168,-0.4119668
13.97913,-0.64178705
13.932239,0.15044881
13.955418,-0.659817
13.909124,-0.40985805
9.128412,3.7376528
9.126312,3.7181077
9.331594,3.7443016
9.267243,3.6932542
9.171333,3.7770436
9.116644,3.749501
9.271809,3.720223
9.392569,4.045583
9.099359,3.7200484
11.026543,-0.41785517
9.374031,-4.026003
9.413615,-4.006555
9.857667,-5.9833894
7.698769,-5.58935
6.108035,-2.7224789
10.413268,-6.096601
6.2985945,-2.7172427
6.125993,-2.808305
6.238246,-2.7346997
6.1880226,-2.6155293
6.3041415,-2.4532104
6.43421,-2.3050668
9.9716215,-3.4927537
15.889579,-1.8842782
10.792606,0.2714723
12.000713,0.6134109
13.855113,1.2080868
11.747544,-0.8768563
12.773594,1.2640989
9.365908,3.5907211
10.286226,-6.1769724
13.718075,-0.41069898
12.265293,2.4770532
11.07253,-0.4593647
10.604218,1.23021
11.179989,-3.4467125
14.323942,0.9979175
12.053092,2.1256356
9.248389,3.6185796
12.00358,0.6165544
6.3039403,-2.6999247
10.63114,-0.9168499
9.08535,-3.13865
10.244424,-3.7238572
10.170836,-5.730597
12.223626,-1.7194268
8.682988,-3.846157
12.1583805,-0.23558602
11.644048,-1.497083
7.767692,-5.561047
13.234296,2.2189384
12.829698,2.9943526
7.8552384,-5.7138987
10.286233,0.75493747
10.078249,-0.13136294
10.753601,-0.50849634
10.629188,0.74173224
11.061366,1.3092841
9.76252,-1.8555574
9.507384,-3.8985655
10.38896,-6.108119
12.105115,-0.8454138
11.460633,-4.1733565
11.98696,-1.1158965
11.119524,-3.5985067
11.760098,-1.0951326
11.888031,0.643247
11.70503,-0.8589916
11.774879,-1.2113625
11.566792,-0.92858213
11.931935,-1.1467662
13.732667,-0.5202144
13.941738,-0.10148373
9.200369,3.727755
6.66727,-1.1904728
13.909632,0.16146635
13.810964,-0.436869
13.472543,-0.40964898
6.011037,-2.2427304
11.302041,3.0614321
14.651792,3.4439583
11.6264515,-1.3861057
9.859623,-6.0379987
8.671656,0.87460166
11.179594,-0.49040368
11.753652,-0.9161933
5.180328,-2.1730797
11.105759,0.14613484
10.686949,-0.85559994
11.853895,-0.6296199
9.139381,3.8311443
13.3447275,1.403033
11.259043,0.41961116
11.696007,-0.46580094
9.4229965,3.974624
11.810812,-1.1411015
13.335929,1.4005641
10.007345,-3.518912
13.319605,-7.408594
10.031691,1.1623995
15.570688,0.6398546
11.310358,-0.16760527
12.232128,-1.5695529
11.239534,-0.3594093
12.35905,-1.6235976
11.219508,1.8495871
11.053678,-3.6910684
9.462285,3.5508134
10.568545,-3.560816
9.437892,-3.1737192
12.138198,-0.5678491
7.9001193,-5.2767134
10.481542,-2.8208122
12.625199,1.2509007
6.5916944,-1.3592914
12.468031,1.1453341
7.7184114,1.8018875
10.581802,-5.9785213
10.603579,-5.960602
10.599117,-5.967368
11.286712,-4.0267053
12.216024,-0.6642302
10.604972,-5.964143
10.594596,-5.969455
10.623843,-6.005999
11.045789,0.2247484
11.400399,-0.23532975
7.8423495,-5.695953
10.64222,-0.9021521
14.26376,1.0261624
11.3702135,0.16549425
11.764441,-0.8837369
10.27342,-1.7681463
9.317894,0.9437998
10.305538,-6.1546807
12.446808,-0.7754211
10.331242,-5.7728763
10.958502,-2.6384382
8.203641,-2.407425
11.8470335,-3.0718615
13.326997,1.9358118
8.694524,0.7903505
10.090818,0.27829581
7.9290423,-5.1249995
7.764429,-5.4690075
11.296636,-3.8779228
12.740287,0.112768605
7.8943214,-3.6084313
9.380109,4.0321436
13.109961,1.3809125
11.127112,-0.5560439
12.957902,-1.3998156
10.290927,-1.7561538
12.288249,-0.24231589
14.244524,-3.0417504
12.655638,0.11227126
10.605086,0.96552694
9.41547,0.012074755
11.989993,0.9529002
9.506224,-0.007470445
10.266894,1.9825157
12.762892,0.123168685
13.428373,0.7290835
10.647726,-1.1880696
12.829223,2.992618
10.63584,-0.9242616
13.315203,-7.402494
12.393705,1.0613112
9.129435,-1.8709937
12.152494,-2.133322
13.229152,0.81849664
13.882959,-3.0726652
6.547892,-0.51061916
15.354283,0.71540385
6.5115514,-0.37947547
12.27324,-1.5593312
11.199427,-3.9700155
6.356784,-2.4075384
10.829578,-2.846632
10.719687,-2.8221543
9.497366,-3.8956232
12.493875,-1.2931538
6.5871463,-1.3899803
10.303209,-3.6020756
10.03413,-1.121802
10.336567,-0.83771896
12.232738,-1.3193051
10.154961,-5.586934
13.261088,2.2634335
9.785814,-1.8441314
10.780648,-0.46900782
10.846932,-2.8305557
13.437417,-2.4591765
14.009767,-3.229891
13.43769,-2.4736404
12.454144,0.22928602
7.7090592,-5.604963
10.566608,-1.0179784
10.21607,-0.052954156
6.5902147,-2.461416
11.49842,-3.2496583
11.407416,-0.6603574
7.7225814,-2.3364954
9.947431,0.3089678
10.521437,-0.003709114
11.414713,-2.134549
13.257997,-2.821878
10.244719,-0.35213286
10.131397,0.1603456
13.337513,-1.7058362
10.675658,-0.58414584
9.783369,-6.047562
11.854745,-4.6530643
11.18643,3.0513675
11.537418,-2.107171
10.451543,-2.918343
10.700218,-3.613832
12.345343,-3.3720298
11.375597,-0.48241404
9.310266,1.0764693
-1.1224252,0.40635622
6.594808,-0.2740025
11.32582,3.7864623
13.896152,-0.3664073
9.774464,-1.8524634
11.311133,2.9673817
11.897952,-3.8811984
12.2897005,-2.8143647
9.312742,-0.032136917
12.152015,2.6565135
10.303565,-0.6822268
6.9282007,-2.1288462
7.3606243,-2.2728298
9.678444,0.16394699
10.2681875,1.9382468
11.037613,-0.42262784
9.471975,4.0934334
9.559433,0.037998628
12.326193,-3.3671968
11.254423,-3.7505546
13.710314,0.09091432
11.265136,-3.7532852
13.537976,0.5037138
7.774113,-2.1898463
7.74835,-5.5381594
10.762547,3.1585128
12.176694,-3.2349153
12.258142,-3.3868365
6.173586,-2.8734288
10.126037,-5.675837
11.002477,-0.46470597
13.603428,2.063326
11.50349,-0.35139364
12.33799,-3.39126
7.4519854,-2.3467038
14.567971,0.82104886
10.236755,-5.7583976
9.431748,-4.0198417
10.762377,-5.5431786
12.321137,-2.8089402
5.5270586,-2.5866017
11.411173,2.8895497
10.323683,-5.5530314
11.739955,-0.7793702
-1.1224769,0.40634745
11.298434,2.0447633
10.435592,-4.4592576
10.395385,-6.0502963
5.798583,-2.5620728
5.9524403,-2.6309552
14.472838,0.94905835
8.688772,0.89688027
8.588142,1.020791
10.336715,-4.4437485
12.02352,-0.6302932
10.127072,-3.3168144
13.946031,-3.1566606
11.431588,-2.5021715
11.135003,0.08401832
7.727048,-5.5451508
9.33582,0.13309021
10.217242,0.073080696
14.0124,-3.2051835
12.563751,1.4188564
12.253414,2.5689673
12.142035,-3.0189488
14.0197,-3.2345395
13.202413,2.240198
10.80575,-3.7592094
10.354652,-5.540427
-1.1224719,0.40635854
8.901607,0.6336618
13.964313,-0.56645274
10.605848,-1.3182322
10.249266,-3.7221053
12.391038,-5.2932305
10.578247,-5.1631513
8.562826,2.7899218
12.288728,-5.1930227
10.1793995,-3.6875682
10.67817,-0.544689
10.869982,-0.014638106
12.879422,0.044517595
11.760357,-0.44746715
6.3409686,-2.104266
13.07756,1.2848102
13.582261,1.2116772
12.259181,-1.5536008
6.083117,-1.962729
13.3227215,-7.412719
12.231171,-3.2678275
13.375403,0.39994034
10.462543,-2.8452597
9.361619,-3.9357889
5.898462,-2.0258865
9.654322,0.18360339
9.288478,3.742601
-1.1224729,0.40634924
14.034075,-0.542572
15.88384,-1.889674
9.150224,3.6715715
8.637699,0.8748201
11.663877,-3.111927
13.712094,1.1749928
12.27515,-0.2627033
11.632179,-4.1663914
11.285258,-4.085166
9.529699,0.05271436
9.653526,0.18931693
11.090525,-0.40955633
8.705511,-3.2930248
11.490006,0.34253708
11.315755,-2.8965895
-1.1224608,0.4063463
7.912449,-0.76756394
8.910906,-3.9172022
10.954907,-0.4403518
11.935276,-0.5957429
9.670535,0.0440599
11.096638,1.2437015
10.896641,1.271558
8.629068,2.8447409
9.456947,0.8939878
10.534803,-2.4634638
13.316988,-7.4015994
7.7684836,-5.673829
12.74694,-0.84625155
13.350589,1.4487368
8.670569,-3.2907407
13.437257,-2.4859314
11.238542,1.9740156
13.659418,-2.6814487
12.290066,1.0746566
10.948848,-0.6351951
-1.122457,0.40634102
5.6391892,-2.601975
12.14991,-0.6482859
13.332365,1.5148929
9.69594,4.0064893
11.508415,-2.0299525
7.7152815,1.8046408
13.587225,-2.6097977
11.27481,-3.8913844
12.29338,-1.1285019
12.934449,-2.4170613
9.4149,-3.9616375
10.7242365,-0.49367568
11.033587,-3.1964457
6.2157793,-2.8573024
9.663423,0.18056649
10.041209,1.1942418
10.221551,-5.623658
13.534336,1.2453556
9.897936,-6.041525
8.146109,-0.5988567
15.854012,-1.847062
13.840869,-0.42555147
11.340422,-0.4138492
13.298194,2.3514874
11.579344,-0.91282487
15.583004,0.6276077
13.119974,-2.1964617
8.081895,-1.1186942
5.982641,-2.1680934
11.380861,2.9334445
13.365616,-2.887294
-1.1224811,0.40636843
12.224812,-1.3968744
10.7135,-0.54275507
13.932095,-0.6884657
14.190794,-1.7749206
7.7135243,-5.5544505
7.7410827,-5.519288
13.379812,1.4402448
12.500073,1.4403093
6.5454884,-0.4563361
10.087805,-5.474352
13.591619,0.82087064
11.372183,0.10557355
9.446864,4.0001817
11.800797,-0.5230371
12.916244,-1.4484007
13.17212,2.2971783
11.215417,2.7982006
10.330301,-0.8256474
11.275531,3.0735395
7.909007,-5.0887866
12.531291,-3.1646914
11.903687,-1.7566128
10.5992155,-5.971339
10.602459,1.1513983
12.293514,-0.69054085
15.503258,0.6630942
15.583763,0.6364766
11.185667,-0.5202445
13.417605,0.4004656
12.488629,0.6295554
10.992802,-3.4115138
10.803909,-2.8276167
13.380401,-2.8756635
12.875562,1.5274584
10.547705,0.5351842
5.507393,-2.4221492
11.756306,-2.9667227
12.273611,0.5530719
11.284779,-4.0662947
11.706951,1.6192927
5.621233,-2.612879
12.352362,-3.385973
10.786433,-0.027282277
11.486118,0.17001496
8.072227,-0.9636695
6.6039104,-1.280417
10.459931,-0.3339386
10.348648,1.9815356
10.432004,-1.0654379
10.280534,0.8090517
11.368685,-2.8205512
13.000376,0.8298381
10.918865,-0.52364427
10.048165,-1.2927907
13.918854,-0.64236706
12.084088,-0.8634768
10.366801,-4.3416057
14.174231,-3.3950806
9.905944,0.24723323
9.597042,0.16110206
11.651729,-3.4461935
11.660213,-2.5086606
12.577763,0.2506772
10.387883,-3.216641
14.078725,-3.3474634
13.926045,-0.54720795
10.459319,-5.522104
10.835585,-0.5402338
10.898137,-0.46652272
9.970183,-0.157264
11.572817,-0.79487085
9.881961,-1.7945007
10.947909,-0.50627446
13.967799,-0.63019854
13.059869,1.3217238
6.5112267,-0.31861547
11.358929,-0.8166707
12.0948925,-0.593691
13.341741,-1.7116438
14.182314,-3.3920784
11.224707,-3.7352629
11.065666,-0.45312992
9.08792,-3.174456
7.7090607,-5.613989
6.652923,-2.082572
11.543956,1.4155906
8.605165,2.8472028
10.586825,-0.20111272
13.256571,-2.8411613
9.327253,0.91572165
12.159397,-1.4131153
11.549508,-3.1641884
11.387253,-3.7374318
7.383054,-2.2761605
12.325964,-5.230353
11.291551,2.943757
10.85815,-3.8208704
7.249596,-2.2569425
13.0271,1.4123883
11.389105,2.986027
11.275712,-4.047716
11.339794,3.7974374
12.08738,-3.1351945
10.630743,0.044191953
12.592371,-3.5444086
9.360523,0.8549897
5.738188,-2.4591763
11.520533,-3.7202601
12.214879,2.6163476
13.1291685,1.3351259
11.035809,-0.4773966
11.627282,-2.9882452
11.68938,-0.9056036
11.189108,-0.34816816
13.540162,1.2188733
10.304154,-3.7473528
10.099915,-5.663004
9.530256,4.0685034
14.103274,-0.44055378
12.284594,-1.4550811
9.220174,3.6487536
10.053597,-5.466175
8.018935,-0.97219294
10.297034,-0.6596333
10.102207,-5.643831
11.248549,1.9969689
12.3207655,-5.2244062
10.228413,-5.5312786
9.493413,-4.0380445
14.494334,0.9356947
8.582103,2.7983708
8.593036,2.834831
14.220113,-3.036782
11.50363,-0.3965037
5.519565,-2.5905738
8.602992,-3.4581215
5.3345995,-2.3194447
12.092612,-2.586062
12.071728,-2.4794214
11.336422,2.9880838
13.388899,1.4604199
13.928219,-3.1541004
11.49019,-1.043184
12.120321,-2.3948836
10.393653,-6.0226927
9.968189,2.3416224
5.251654,-2.2491329
14.09995,-3.2896967
10.1814,-3.2598956
11.169428,1.8071374
11.836394,0.93926066
5.9916067,-2.679622
10.328919,-0.04422712
7.9513226,-0.8137087
13.571234,-2.685623
11.088156,-2.094101
12.298774,-2.8376682
13.137503,2.2018607
9.155956,1.3482486
10.13377,2.0517235
11.454911,0.070079625
13.875453,0.3566611
5.9440756,-2.1828108
11.056483,-3.4390357
11.99979,-3.0789793
5.5628824,-2.5779934
11.771817,-1.0393054
10.507497,-0.20614094
13.403434,-2.49179
8.674574,-2.0998864
13.326596,1.9762336
12.964025,1.347784
10.397453,-3.0714943
9.28899,-4.109805
12.101714,-3.0550296
12.374323,-5.277594
11.848035,-4.6487846
10.592304,-2.6695063
9.805895,-1.8128759
11.594184,2.1998
10.479696,-3.0998862
11.902109,2.1188943
11.236877,-3.7403648
12.343741,-3.3779979
10.301451,-1.1973076
9.396103,4.055285
9.198224,3.7388492
11.935536,-2.9307363
13.32747,0.94478214
13.933281,-0.6875517
5.546492,-4.516735
9.46423,-4.092768
11.195991,-0.07393049
13.415932,1.5047212
11.370773,2.1396687
12.940879,1.008421
10.552783,-5.785322
10.476197,0.5114497
7.1245604,-2.186369
11.758776,-0.8559111
12.141827,1.4442848
13.925099,-0.69466895
13.290362,2.3544428
13.90096,-0.7123042
10.4650955,-0.97081614
10.779337,0.3657925
10.39439,-4.4878416
7.716937,1.8021996
14.198792,-1.7772696
10.759999,0.029340902
12.858993,-1.3347126
11.220143,1.389379
12.919297,-1.3630979
12.087258,-0.8570234
6.477532,-1.991134
6.275672,-2.409658
10.379988,-0.24421588
7.8983984,-5.066486
10.575085,0.2414887
7.733451,-5.5779014
14.021665,-3.1324608
13.335748,1.1425563
5.489191,-2.4427617
15.875292,-1.858711
10.528854,-0.31835365
5.545481,-4.5166616
7.7216907,-5.6059265
11.758362,-1.0853338
7.774659,-5.6554284
13.271641,-0.16637163
13.961717,-0.6630202
15.562038,0.64052504
15.563969,0.6397461
8.891322,-2.1658368
11.113517,0.43839213
9.339253,0.91864115
10.88031,-0.44088042
12.227574,1.0659611
11.587544,2.3985293
10.59794,-0.04656247
9.906146,-6.046649
10.856148,-2.8280547
10.1903925,-3.647574
12.727403,1.2148354
11.393834,1.1227008
13.2247095,2.3100765
10.395697,-2.734514
12.307059,-0.68438774
12.239669,-1.3629652
13.303295,1.081457
10.593822,1.2206957
12.596587,1.3872017
15.8683405,-1.8438824
9.130486,-3.1255639
15.496242,0.66474944
10.868408,-2.8290596
10.507099,-0.3743212
11.405817,-3.2830353
11.013699,-0.4459378
13.314612,-7.401412
11.802234,1.1250755
6.437833,-2.1386185
9.345959,3.6391313
7.025413,-2.103679
10.455058,-5.5476904
10.3827305,-1.3644257
11.911143,-4.73198
13.751494,1.1827469
11.444335,1.4569554
12.337441,-5.2389317
9.56352,-5.4306393
9.081078,-3.1492577
15.582394,0.6365682
6.515504,-0.38799375
12.48819,-1.2544246
13.31512,-7.403009
10.4002,-3.143564
11.907875,-3.8768787
6.6088266,-1.4122419
11.223842,1.9384146
13.988243,0.69591635
10.174568,2.8088484
12.406867,-1.0715748
11.658519,1.1947109
10.341828,-0.755161
5.482909,-2.5163262
11.559388,-2.3046057
11.576425,-2.2731154
10.969201,-0.44852972
8.1572,-5.5315437
9.540405,-3.8893404
7.8674755,-5.6166377
10.819656,1.0210525
10.357345,-0.2510549
13.27293,-2.879396
8.651343,0.9153464
11.386573,3.8714457
9.540227,4.028647
11.4763775,-3.6779766
5.5213985,-2.5879776
5.8869133,-1.9769685
11.06077,0.16478209
13.956269,1.1117777
11.297552,3.0953767
11.489625,3.9051247
6.541826,-2.2878933
11.368933,3.7855895
10.374631,-0.52823395
5.9822726,-2.0043607
14.45009,0.94173
12.584219,-3.5423067
8.571406,2.8435233
11.716814,-1.4140745
10.58797,-2.4762459
10.383788,-6.0586743
9.114555,-3.2343564
7.971428,-0.81523246
7.410541,-2.2456264
11.746433,-1.1244717
8.000468,-5.554433
12.266353,-1.4966692
5.910753,-2.685871
5.8354044,-2.4856877
9.347857,0.90321565
8.677084,-3.2997704
6.3270297,-2.356207
11.316319,3.0653274
10.261176,-5.7247715
14.325059,-1.813188
11.3143,2.9335456
6.194559,-2.060858
14.145294,-3.3563237
11.627132,-3.0073302
13.96043,-3.201571
11.25921,1.9858878
8.562757,2.7888863
14.176984,-3.3722622
11.556579,-2.0689209
9.238226,3.6518238
7.976634,-0.9943098
6.653164,-2.051756
14.165168,-3.0815108
12.516611,-2.419541
6.567295,-2.1296933
8.154915,-0.9081441
11.311013,1.6006067
5.367476,-2.0595174
12.321137,-2.8203523
5.283615,-2.1354933
11.833668,-1.0899663
5.1784267,-2.1635633
13.926758,0.22358567
11.59857,-2.7829945
5.2861385,-2.224684
6.6739955,-2.0358481
9.187438,3.7300017
11.898836,-1.110003
12.689312,0.66532785
8.504439,-3.473588
13.398103,1.4666256
5.2209682,-2.1392705
8.592876,2.8174636
11.411664,1.1023932
10.161827,-3.6211767
13.612371,1.0530977
12.091734,-0.6300839
8.876928,3.1414945
5.9135137,-2.6634638
7.982841,-1.0381821
12.1404,-0.2486493
11.325699,-2.719171
8.627905,2.853193
8.576826,2.8135507
10.342956,-1.4982648
6.603673,-1.3175
13.298671,1.1438482
12.82555,-0.10610779
10.107822,-5.7315683
13.598467,0.93597513
11.828906,-1.2292963
13.31657,-7.4018188
10.181868,2.7840374
12.986612,1.0830022
7.998543,-0.84625125
15.888395,-1.8694386
10.444291,1.2389636
12.034693,-3.0623686
11.837968,1.3356192
12.507885,0.18389791
10.309189,0.71585655
10.789688,0.05666124
13.358321,1.1449218
10.796053,-0.08772372
5.27367,-2.2364767
10.483366,-5.7987833
13.821342,-2.8720372
6.304043,-2.7126534
13.971884,-0.67192566
10.581903,1.259291
7.944749,-0.87341344
12.221622,2.6113741
7.8927774,-5.1014943
11.994034,-0.12449235
7.7467127,-5.5598073
10.658422,0.15622705
15.582279,0.63096416
10.91425,0.569512
10.378315,-0.28679833
12.861067,1.5224677
13.991623,-0.6990977
10.157858,-1.1038852
11.940362,-3.072222
8.602847,1.0425891
10.664725,1.5930735
9.080549,-1.056515
8.050973,-0.927451
10.329583,-1.6136793
11.98331,-1.1701561
14.3468895,1.1825247
8.614294,-3.4849112
12.256044,-3.1355212
13.306485,2.3659928
11.761365,1.7814112
6.055596,-2.3053374
11.468069,-3.1973357
10.024308,-1.5417243
14.014015,-0.42222655
7.7586927,-5.6268454
15.567822,0.63671094
15.584396,0.6369792
11.16583,0.2594302
11.016014,-4.1142235
10.383524,-4.4922333
9.914377,-6.0219064
10.636947,0.302426
13.403709,-2.5611944
12.975728,-1.424283
11.39237,2.1652398
11.187247,0.0042848056
12.551103,-0.112377584
14.1046715,-0.41852346
13.318721,-7.408509
11.384988,-2.7881057
11.010352,-3.6576512
13.265039,2.2662868
11.440992,1.8190353
15.486087,0.6697964
12.279082,-0.69400054
12.260524,-1.4726378
12.310843,-5.2108893
11.5006895,0.38007212
6.4742317,-2.0520537
8.910548,-2.1451697
13.305101,-7.3893886
12.037669,-0.89348996
11.816242,-1.4288979
7.9546084,-0.81589735
13.379467,0.9182677
7.9320436,-0.8005686
9.321529,-1.468685
10.780014,-3.813011
6.7022395,-0.37474805
10.207095,2.004462
11.315897,-2.463363
11.838872,-1.1662642
13.007987,-1.5560973
8.556545,2.7838764
14.241344,-1.7852588
11.264393,2.9016774
9.004516,-1.020639
12.387254,-5.2902617
10.100765,-5.708089
5.3421574,-2.3237169
14.65148,3.443664
11.280645,-4.0489583
6.193534,-1.9460027
11.3148575,6.716806
3.8793786,-3.4031105
12.948445,1.3614265
10.130281,2.8213394
11.610214,-2.9812818
11.945257,-1.1878994
12.589289,-3.543314
14.17218,-1.7475206
9.54306,4.0468316
7.9267473,-3.639278
10.261873,3.5071049
11.556242,-3.2505293
6.3287873,-1.9400357
12.565216,0.96350265
10.615448,-5.7892146
7.961776,-0.8194363
7.731881,-5.463444
5.8618627,-2.310884
10.986341,0.20239216
14.582085,0.8614505
7.716572,1.8024825
12.809581,0.25086027
5.543589,-4.5039754
6.433065,-2.1518807
14.1327915,-1.7620884
11.535939,-2.0508928
10.860448,0.27391025
11.626388,-3.250216
13.617939,0.89499867
10.303211,-3.090233
6.1064525,-2.9222236
11.948094,-0.86181384
10.954404,-1.7542398
11.907269,-4.721742
11.479167,-3.482752
5.2921476,-2.2528892
10.819052,0.64424384
8.585025,2.8209937
8.588516,2.835254
10.103703,-5.7092867
11.881517,-1.1270142
11.546302,-0.8502989
14.06615,-3.0404084
14.167991,-3.3700817
11.540205,-3.7726188
12.308614,-1.372647
11.033664,-3.5004532
11.42664,2.1743186
13.168214,1.2206168
13.756205,1.2210811
11.026096,-3.7675896
11.678469,-3.1203759
5.946347,-2.6766956
11.521697,-3.5593545
11.927909,0.4067435
12.3253145,-3.4654522
8.556327,2.771286
10.200768,-0.94866
10.30621,-5.7667217
8.708911,-1.9458517
10.369853,-1.4297695
11.506774,-2.788901
12.646498,1.3879703
11.530155,-2.132638
8.929155,-2.1686125
12.353098,-3.373626
10.731223,0.4306654
8.968224,3.2886386
13.500879,0.95983374
9.23927,3.676972
11.119504,1.995574
12.355833,-1.0355178
10.95173,-3.9022088
12.299911,-1.3126779
13.518996,-2.630581
11.553548,-3.1030967
11.709933,-3.0043943
11.035811,-1.0317218
12.8834915,1.6469309
12.860912,-0.13299564
10.694392,-0.7766427
12.971028,1.2937933
13.395101,1.4955101
13.46314,-2.6252608
11.0135765,0.76473564
12.685568,-1.1083683
12.334346,-2.7763793
11.006623,0.76177186
10.546584,1.1951216
8.610532,2.8465576
8.059611,-0.9326417
10.238548,-3.2086508
11.195595,-3.699734
14.233571,1.1553019
12.267546,-0.5126832
14.384731,1.1517053
8.835062,1.1526196
8.594305,2.8341959
7.8414717,-5.657917
13.323855,2.399963
9.25796,-4.114668
9.579043,4.087996
11.765894,1.6704638
11.912254,-0.2426433
13.202585,1.3946961
11.990838,-0.8854841
7.8305755,-5.773526
10.580984,1.2473849
11.015547,0.15605049
11.391108,1.6517186
13.298767,2.3517363
12.950558,-1.4211575
13.2078,-3.1404085
12.017407,-0.8004594
7.737895,-5.537953
12.272561,-1.6635733
7.7653675,-5.5336714
11.263573,0.15042393
7.8159413,-5.6893992
12.7071905,-2.328885
10.872573,-3.8219132
15.582273,0.63555235
11.154584,1.2740368
10.253809,-1.3543134
11.676439,-2.5027592
11.7973585,-0.8999219
12.347235,-3.3863811
6.5723457,-1.4745138
11.096378,-2.8864126
10.983173,0.829637
10.078475,1.1422886
11.416363,-3.2319374
13.695632,-2.9303305
5.229065,-2.2029612
15.580282,0.6380901
12.302368,-0.7016882
11.527674,-2.1309319
11.030481,-2.6465573
11.18783,-2.8183796
9.839256,-1.7765206
12.106292,-1.2766055
8.15911,-0.6135225
10.286374,0.76595765
10.996124,-1.1158992
13.135654,1.1374795
11.2765,-2.8828151
11.491944,-2.9301445
14.509618,0.9925559
10.724453,0.21160528
7.838961,-1.0789934
15.50098,0.66365945
12.217846,1.494337
13.945094,-0.6629088
9.3945265,0.8474034
15.562073,0.6310091
10.7896185,-0.024149198
11.365032,1.6023725
13.171993,-2.4066367
11.151112,-2.9910002
14.368175,1.1930937
13.295117,1.5159577
13.345091,-2.4746318
11.226848,-0.29956478
11.623049,-4.1667514
3.878439,-3.4046402
14.273626,-1.80437
9.387821,4.1517663
10.465796,-2.745094
13.340799,1.9785705
5.562153,-2.537018
5.834299,-2.637745
9.851481,3.770038
11.297822,-3.6085405
10.103474,-5.7382836
12.184462,2.645426
11.551169,-3.3744595
7.753942,-5.551285
11.331959,3.1584692
10.051366,-1.4120189
10.000363,-1.7982157
12.00228,-2.3739576
11.314867,6.7167687
11.935371,-1.1783512
9.005586,3.404219
14.320313,-1.8143516
7.7026978,-5.511263
13.743915,-2.7741063
11.692819,-2.6129856
5.5418024,-2.5803132
11.782855,2.305219
10.764992,-3.8679657
13.285256,-2.8856308
11.973642,0.45162106
10.965908,-1.0622556
7.4154506,-2.2745318
5.49668,-2.5744834
11.287237,-4.08246
6.569052,-0.24547659
9.158518,3.8602967
11.580045,1.3573236
10.944115,-1.0846158
10.584804,-5.1429863
10.13328,-5.680967
8.552831,2.8050883
13.268044,1.8186598
11.114572,-3.1550276
8.591312,0.9687625
12.009847,-0.87462884
6.66243,-1.8200678
12.362015,-1.4334764
13.344289,1.4879521
11.337294,4.032754
11.835455,-0.50882
8.991166,-1.0612998
14.2234125,0.89482224
14.405447,0.9874351
10.571433,1.8540467
14.107577,-3.063388
11.332986,2.0313873
9.991617,-3.512752
6.099503,-2.9113297
11.371038,-1.6539161
14.181183,-3.0568624
10.339335,-5.86665
11.806226,-3.9735918
12.338659,-1.290378
11.713114,-2.6437454
11.060482,-3.908802
14.368251,1.1134804
11.396912,4.045698
14.297485,1.1770124
11.752687,3.6644397
10.259845,-5.7148232
6.235747,-1.9800884
10.831436,5.6259694
13.04753,1.3366576
12.303702,-2.8290598
11.25459,3.0963917
12.3251915,0.49305147
14.617515,1.2048149
6.3701596,-3.0061147
10.758614,1.0450792
11.41284,2.1568284
11.129464,-3.0530126
9.266029,-1.568924
11.311238,4.06233
13.195953,1.0472296
12.210035,2.404961
12.790159,-0.14909914
12.166078,1.7581472
10.443736,0.47639146
8.846927,1.180885
12.385032,-5.2859154
12.120843,-3.0840273
10.136015,-5.5385213
12.073066,-3.1619277
13.186829,2.2429054
10.356094,-1.4789147
12.828593,1.31454
13.023304,1.2400769
8.582467,2.820034
9.325314,-0.90116984
12.215504,-1.9949887
11.002279,-1.0752293
11.221589,-2.8528328
6.556208,-0.25801143
11.487585,1.9959124
10.093356,-3.3755744
12.57737,1.2752346
12.317478,-2.789928
5.1708016,-2.153899
13.291632,2.3591645
6.194818,-2.737873
11.81737,-1.1922941
9.997068,2.3833458
10.258158,-5.729393
6.055126,-2.4100578
9.438383,3.7117856
11.572417,-3.6126187
10.991879,0.8833569
6.1653967,-2.8881474
11.055709,3.4960737
13.20216,-3.1550357
6.257579,-2.4219947
14.592324,1.2122132
11.390542,3.142474
12.113714,2.6698947
5.222157,-2.199268
12.0206585,-2.313909
10.200133,-3.2658155
11.606024,2.7691324
11.68478,1.2620023
12.061312,-0.91387534
10.372715,0.9226757
11.17142,-3.793657
5.182658,-2.133395
13.014214,-2.420102
15.881685,-1.8783265
8.575337,2.7816246
8.605894,2.8449273
12.838898,1.5031545
11.547282,-4.0098963
12.587217,-3.5424073
6.61684,-1.2455156
13.319878,0.9937582
10.84586,-2.8354478
10.278566,-3.074094
10.422705,-0.5250539
7.942181,-0.8139283
12.124424,-0.5258192
11.505982,-1.6467882
12.145783,-0.50508434
6.701422,-1.1485022
13.414501,1.4559933
10.398787,-5.972053
7.7029724,1.8155242
11.235673,-2.5261645
13.497014,0.615002
9.791767,-3.7996159
10.256932,3.5087552
8.116208,-3.621876
10.091773,2.6257854
10.088976,2.636173
7.793756,-5.6032686
10.525191,0.44383633
5.7678895,-2.6651843
10.969592,0.8188807
11.425489,1.6432229
13.176329,0.86901164
12.124497,-0.54148793
11.92822,-0.38874042
14.404446,1.1119936
8.918571,0.61700326
5.5950546,-2.4818265
15.515784,0.61471635
8.573322,2.8218062
12.847914,-2.1705785
11.287122,-0.3796084
7.825885,-5.626442
11.246307,-3.7519324
6.0298004,-2.6566274
9.978036,-3.933916
15.501831,0.60685384
5.2223387,-2.1567483
10.990938,-1.0735929
5.6352534,-2.6063461
11.856099,0.1898793
13.316478,1.1280853
13.321648,-7.4105735
10.37272,-3.0710607
11.371671,2.1618965
11.401793,-2.560617
10.536142,-5.2536836
8.421084,-3.4426653
9.994692,1.1721499
8.592234,2.836829
6.1038747,-2.6056833
10.299488,-5.6776576
10.594764,1.2484246
10.329936,-4.449202
8.0647135,-1.005085
12.218323,2.61422
8.126126,-0.6366531
10.114356,-5.721793
11.201819,-4.0142055
6.0957685,-2.1344807
10.318763,-3.1135836
13.908866,-0.5959757
11.423686,2.9504879
10.466734,-5.530073
6.0702224,-2.164397
12.563589,1.243863
5.6178102,-2.4058383
9.778164,-1.8326524
10.556491,1.3383037
13.961088,0.58482563
10.988858,0.7897739
11.572987,1.2145483
3.8778958,-3.4048407
14.282148,-1.8119136
12.117001,-2.4308662
11.184372,-3.4277608
13.333307,1.9825604
5.19702,-2.132044
11.0050125,0.21991745
7.9400597,-5.1540766
8.267483,-0.52065396
11.837713,-1.1328311
9.933191,2.6258743
13.980648,-3.17918
8.086676,-5.6545687
13.954699,-0.42695394
11.392674,4.054064
9.971234,-5.603686
8.592601,2.8362453
5.350841,-2.2463806
8.129885,-0.6409302
9.5139065,4.047435
11.314828,6.717486
12.578284,-3.5321968
11.814247,2.8242416
11.9355,-1.1546856
12.933281,1.1250827
7.989158,-5.6051764
7.9869094,-5.6985035
5.1697845,-2.0946515
11.099434,-2.7035139
14.019319,-0.3635023
12.301633,-2.8363175
5.2300196,-2.195618
6.5716634,-0.24122779
5.8188953,-2.0018985
5.844586,-2.0400229
11.735782,-0.8611724
11.375396,-1.6437417
15.886945,-1.8875757
5.956888,-1.9737253
9.250152,3.6677172
11.510161,-1.249395
11.306635,-3.3154774
11.140106,-3.24573
5.167167,-2.1373825
11.296188,3.1811695
9.177981,1.3330932
12.695277,-2.3438578
5.24548,-2.1938326
8.920789,1.2886957
10.184327,-5.6697116
11.232796,1.9897984
11.528589,1.4733624
10.365882,-5.4644666
15.351686,0.72109467
8.621467,2.8605995
11.3961935,-3.2841697
7.9789324,-0.7960137
10.539916,-5.826661
8.095364,-1.0282618
5.502076,-2.6076982
11.5192585,1.1661087
8.052941,-5.654792
13.930279,0.20656273
12.192202,0.25156647
12.83973,-3.1642199
9.070563,3.5641532
7.8999834,-5.13047
6.603208,-1.2440363
10.538401,1.7720908
9.588316,-4.065916
9.341433,-0.89515597
13.778867,-2.856733
15.340131,0.7356677
14.157894,-3.3801777
8.765948,0.9725256
9.106533,-1.0338111
11.105316,-3.3662167
11.863387,-0.88093823
12.314697,-1.0936112
10.280681,3.4933898
12.302193,-1.2309582
6.6261673,-1.242489
10.260616,-5.579334
11.290057,3.1296654
6.242046,-2.1457112
11.447547,2.1491249
10.439493,-5.4000764
6.14995,-2.5855274
6.160574,-2.7725577
11.376597,2.8975868
11.5542965,-3.7419953
10.260291,3.5080135
12.649624,-1.0386237
11.312265,-3.3025777
11.640454,-2.6220076
11.47003,-3.1770053
10.404288,-1.3497375
11.352013,2.1731663
13.498452,0.5945051
11.262305,-3.3794792
10.126638,-5.7445455
12.800394,-2.2255142
12.2247505,-0.9061107
11.941244,-2.2601135
11.539789,-3.2332265
11.752023,-2.7908144
11.80102,-1.5432379
10.584924,-4.3479085
11.659307,1.7675072
12.267575,-1.7270008
12.3894205,-5.2911887
6.0775485,-2.7820475
13.338108,0.64422315
13.919744,0.0741129
10.129,-5.704293
10.384287,-3.1494555
10.083913,-1.0830432
10.42995,-5.3840957
11.141974,1.9233673
13.256842,-2.3924916
11.315252,6.689872
12.092314,-0.09147006
11.551949,1.4068017
12.624857,-2.4545298
13.354888,1.9504128
11.48327,-3.064386
11.363908,1.5893737
13.233482,1.2068714
11.9417925,-3.0433023
5.5824766,-2.59525
12.276227,0.5981991
11.602637,0.31138608
11.451325,4.106271
9.322325,-1.5859064
10.443556,-4.438883
12.802504,1.0896109
8.067996,-3.5996878
12.85777,-1.3291965
7.7109194,-5.507127
6.072431,-2.8099215
11.640442,2.1225116
13.957379,-2.9653614
11.63904,2.234475
12.67663,-2.3722627
14.364931,1.1401559
14.319173,-1.8137915
10.894439,3.706218
14.121289,-1.7597914
11.17534,1.8362675
5.8613057,-2.529045
13.223063,-3.1440732
13.578816,0.92425185
11.289609,2.1546586
13.931986,-0.6357883
11.553301,-3.4443858
8.694644,-2.2787623
8.611484,0.92462504
11.183231,-3.9536822
10.499284,-5.413182
12.652571,1.3989799
12.023023,2.6007826
12.530784,-1.3314312
11.611352,0.22292204
11.782114,0.14576335
13.302037,2.3508976
10.025903,2.6175096
8.914453,-3.9310153
7.9937773,-0.8784376
12.23784,-1.0392166
8.241152,-5.478689
11.647331,-2.9846117
5.1796207,-2.1555805
11.827859,2.7976787
8.956761,3.1354253
13.787957,-3.2906544
13.99604,1.0880284
5.1929464,-2.1302588
11.19877,0.096270055
13.504009,0.50982034
9.790362,-1.8369311
12.732793,-0.41946465
10.546205,0.42407534
12.717033,-3.1620793
12.254366,-1.2266045
10.405261,0.45169902
12.691185,-2.3516657
11.394556,-2.1141481
14.092757,-1.7527004
12.746495,-0.61878854
13.040445,1.5824426
12.999248,1.1425984
10.577177,1.1951178
11.367273,1.6107005
11.975577,-3.076365
7.769681,-5.5834675
11.809707,-3.9476843
13.535521,0.6782369
10.988998,0.3966628
8.639119,2.8611364
11.007408,-0.65678567
10.319372,-0.8715944
11.770121,1.4833504
12.16807,0.045662276
11.684206,-2.6089387
10.548818,1.787081
11.244244,3.8031116
15.888668,-1.8840473
7.9900846,-5.5250416
7.7249365,-5.5836716
13.95572,-3.1806345
8.587507,2.8245404
10.356717,-3.513135
11.08712,0.035893355
11.615201,0.30473223
7.877581,-5.783597
9.270595,-4.105553
11.446945,-1.127263
12.180109,-0.83067745
13.095905,-2.9848795
5.885593,-2.0222354
10.052022,2.5777721
11.214917,-3.2474737
12.854959,1.3163213
5.7313156,-2.312747
12.057834,-4.823125
9.13713,-3.0938642
5.2932267,-2.2193663
7.653453,-5.4927692
7.9475355,-3.53985
3.8835545,-3.3984003
11.016707,-1.0758939
9.548689,3.9803407
10.223494,-5.708553
14.054615,1.239372
5.8284044,-2.0546775
11.354523,4.063001
6.6129003,-0.29710528
6.2547207,-1.959495
11.441548,-3.2410064
11.028846,-1.9455773
11.62593,1.3955592
10.383174,-1.3845323
10.05909,2.7187648
8.05164,-0.7030546
8.047331,-0.91142184
11.766616,0.13606857
11.816239,-1.0819724
5.228227,-2.1807635
9.479543,4.068686
9.077782,-1.0487616
11.314891,6.717599
9.1173725,1.4062488
11.914997,-1.0988448
12.25869,-5.1527143
12.582089,-3.5278192
11.862863,-1.0562272
12.013903,-0.88007134
10.09676,2.0876768
11.08823,-3.0548975
9.26423,3.7150283
10.322322,-5.9145503
8.920099,-3.9355073
10.203723,-3.6985579
11.952073,-0.70975393
6.041868,-2.4185765
9.319556,0.94963014
14.030144,0.7203381
8.046914,-5.612054
5.717864,-2.3530998
7.6961803,-5.555179
9.761949,-1.8636125
12.197176,2.631285
10.345975,-3.291127
6.278052,-2.1113565
13.921496,0.07504425
13.309466,1.246849
11.820386,-0.91937244
11.328217,1.5488106
12.301719,-2.1378303
9.310456,-0.8885743
9.691581,2.5893621
14.307221,-1.8318282
11.589521,4.2900815
8.994517,-0.9987401
11.079428,-3.4506204
13.809301,1.0973327
5.713372,-2.4077063
13.671422,-2.7102845
7.8795075,-3.5994627
11.293122,3.1070042
6.211413,-2.8706706
11.512697,3.4128628
13.316394,-7.403863
11.75397,2.8606915
5.242945,-2.1192064
11.262151,-4.0438704
8.823084,-2.2819762
12.154102,-3.287563
11.71267,-2.969304
13.856362,-3.0273402
5.4094625,-2.3438168
6.2370954,-1.9670277
9.997968,-3.5295694
5.326462,-2.097862
13.814026,-2.8888314
5.749577,-2.5483615
11.788552,0.14557134
5.1670785,-2.1363459
14.376612,1.1603934
14.14668,-3.34466
11.766006,-2.1106713
7.98957,-0.7941339
8.737446,2.8732088
13.435005,1.1664444
8.569243,2.7741668
6.1419773,-2.8402224
10.240981,-1.3274944
13.700848,1.9694674
6.244181,-1.97519
11.17615,1.9087787
7.4531164,-2.260479
7.776718,-5.5727053
8.60747,2.8458507
11.283883,-4.0807676
14.32892,1.1030964
11.743381,-0.91294175
6.5960526,-0.27560693
10.69804,-5.636364
11.798117,-2.1204093
11.791259,-1.0318519
13.98505,-0.7572913
10.090198,-5.748997
11.897422,-1.1921157
10.773956,0.22434159
13.631417,-2.7700393
12.309766,-2.838068
14.6765375,1.2860832
11.4438505,4.1229954
14.320532,-1.8200978
11.723663,1.7325633
5.66394,-2.4139626
10.426882,-0.5033559
14.668565,1.2176635
10.340866,-0.85563797
11.466327,0.33301702
11.871193,-1.1085119
12.068509,-0.11008884
10.247129,3.5195165
5.399436,-2.365012
13.952305,0.19378392
10.687458,0.69323426
7.8656325,-5.179295
12.334314,-2.3860326
10.204809,2.0108247
13.320585,-7.408646
9.000808,3.3952756
14.331242,-1.8084322
11.159052,1.7443354
11.583647,1.3744555
9.315972,3.6959877
11.055861,-3.9686995
13.232726,1.1087453
5.1649327,-2.1293752
13.3076105,1.283766
10.158978,-5.6290264
12.235353,-0.21061216
11.369151,1.5770621
11.311236,-1.6575097
11.476434,0.49045566
9.476379,-4.0551353
11.542605,3.2257311
12.418669,-5.3185987
12.067658,-1.3883225
5.1965547,-2.1374238
10.113085,-5.5974135
11.618979,2.2450466
12.25525,-0.7259576
10.381814,-4.4807982
11.545869,4.208572
10.684377,0.38643405
11.025789,0.23355865
5.2382197,-2.157171
12.652987,1.4185483
12.65811,-2.322158
7.901982,-5.1472626
9.268477,-4.1031156
13.043634,1.1055676
9.765015,-1.8633502
12.722297,1.2007275
11.793795,-3.917183
11.033424,0.43285182
11.03322,-2.2336564
6.6033487,-1.2580447
10.535842,1.6892029
10.008262,-1.0449351
7.997953,-1.029707
13.20793,1.1514573
11.530932,3.0599575
15.874089,-1.9011947
10.605955,1.185362
11.358547,2.2831707
10.173781,-3.6433365
13.306734,-7.394856
14.132759,-3.0656414
14.551426,1.1972121
11.306419,0.41350627
12.687186,-2.3082354
14.042462,-0.27570334
13.533347,0.8515201
11.031325,0.123055965
12.328132,-5.231471
5.96743,-1.9900682
12.600014,1.4253737
11.886315,-0.2198474
10.9573555,-2.8712037
8.061531,-1.0032556
11.451266,3.0481772
9.339627,3.6208417
10.2272,-0.82311165
8.216735,-0.5482364
5.713781,-2.0289662
10.004235,2.4127228
11.67523,-4.1200104
11.72416,1.3475453
10.50987,0.26595184
10.273104,0.78029805
11.325327,4.02067
11.201027,-1.9495776
11.91466,-0.8511526
12.41466,-0.15811843
13.049706,1.175366
13.966186,-0.687572
12.53076,-2.4090314
11.867661,-1.0922285
9.78958,-6.032377
10.486903,0.38112807
11.215962,-2.7771657
13.047688,1.5849146
9.758931,3.8037329
9.385391,4.1395607
12.5646105,-1.1940005
8.909194,0.63474375
10.550942,1.7514586
10.525918,0.43198368
10.570644,0.37748033
12.2053175,-1.6582811
7.986104,-0.85516465
10.265055,-2.1880283
11.453184,-2.577892
14.016874,-0.41220006
10.548342,-1.2118559
11.449942,1.8201123
9.370791,-0.6979693
13.923882,-3.2042983
10.77185,0.17524129
13.313107,-7.404106
12.836771,-0.12139686
7.8766923,-5.7433395
6.53298,-2.5988495
11.300322,3.3354964
11.326899,3.1096034
8.713087,0.8579101
6.3734846,-3.0097706
11.357072,2.1278968
10.518216,-1.2802799
10.307503,-1.7537365
10.490105,-1.2511827
3.8781435,-3.4048262
14.322411,-1.8165774
11.422731,1.665
11.292489,-4.0553126
13.904993,-0.07475018
11.804583,-1.1346784
9.095769,-3.1313524
13.260039,-3.1477072
13.193057,1.4258074
11.579128,2.2165937
5.6959033,-2.4083729
8.875301,2.8842149
9.503937,4.019686
11.66313,-2.8152194
10.821617,-4.468596
10.005695,1.1745874
6.5556054,-0.262073
11.405283,-1.4293643
9.9912405,1.1679404
14.368051,1.1581519
9.332773,0.9292658
11.414379,4.1027427
11.314853,6.717237
13.316274,1.2249993
9.996434,-3.5179074
13.903336,0.12291783
11.286979,3.7345068
9.74566,3.8229625
9.315224,-1.465938
8.159705,-3.638152
9.661932,2.6150804
8.665368,-3.4672117
7.779352,-2.283983
10.148423,-1.3660792
10.366071,-4.502435
5.6708207,-2.049793
9.837209,-1.8929863
9.117732,-1.1032047
5.4032164,-2.2168653
9.392281,4.1485248
5.179101,-2.149905
10.340376,-5.497138
10.085017,-1.3845204
11.629292,-3.1219838
11.241761,2.8424456
10.521605,-5.8785005
10.101029,-5.5629926
10.135361,2.0679104
10.010822,2.6304185
11.175853,-2.92571
10.379338,-5.4395857
11.38165,2.1370497
9.0085745,-1.0208007
10.373798,-3.317533
5.255945,-2.150826
7.8773413,-5.1948895
10.398391,-1.3528603
9.241347,3.691727
10.536781,-1.2034572
11.218015,3.8924332
11.018216,-1.0639051
8.717815,-1.9263698
5.911928,-2.3169556
11.076058,-2.8327057
10.292515,-6.1413856
11.152375,-0.05202558
15.321302,0.7422824
13.7132845,-2.9671316
12.96405,1.1435707
11.976235,-0.55230695
13.705762,-2.7439816
14.160593,-3.3733592
5.3654604,-2.3292673
11.582182,-3.215131
12.162556,0.5078423
6.023872,-2.6882894
12.162058,-0.52049214
12.767195,-2.2743616
14.161893,-3.3669138
11.783275,3.7271807
7.892047,-5.171844
7.8868365,-5.173368
14.608058,3.399126
12.198065,0.4678243
8.829387,-2.2601812
9.087979,-3.0625467
9.04797,-3.050237
8.005857,-4.950108
14.034381,-3.1257777
11.452047,3.34186
14.337669,1.0738306
11.367082,-3.4077046
11.618555,2.228086
11.740375,-2.9440935
10.926129,1.0055459
11.52642,-3.303722
10.829407,-1.3959403
6.5497127,-2.7016609
13.766129,-0.52273154
14.051836,-0.18543759
11.172494,-3.8990395
12.103819,-3.2209425
13.37262,1.1128463
8.994251,-1.0153371
10.478188,-1.2178322
9.059561,-3.1205702
11.388529,4.0940833
9.970545,-3.2960358
11.043139,-3.087398
10.090678,-5.5933847
5.4093556,-2.37619
6.137088,-1.9752784
6.316238,-2.5814
5.2683215,-2.1132357
11.582525,3.9085562
13.999975,-3.201022
12.04641,-0.41376242
9.365247,4.154433
9.271803,-1.576264
11.574845,0.36101714
5.5288,-2.0804944
11.1945305,1.7546939
12.263031,-2.8934016
12.308111,-5.211796
11.805826,-3.9759855
10.941012,-1.2576023
14.075375,-3.127674
12.136202,-2.8259192
8.844291,-2.2626097
14.080711,-3.1858745
8.913729,0.64389193
5.8147626,-2.6980393
11.687729,1.2165469
12.204916,0.3240004
12.4513645,-0.66206557
10.406051,-2.661362
13.23053,1.4746264
7.8869843,-2.2643394
12.245845,2.6175182
14.652053,3.4437623
13.135631,1.4536858
12.211754,2.616272
9.782269,-6.019833
11.635931,3.840392
13.318456,-7.4071155
6.595616,-0.26853898
9.266531,-4.1120954
9.559429,-5.459023
10.120143,-1.4206507
12.139401,-5.0225077
5.717124,-2.3472424
14.393503,1.1564655
6.5903993,-0.2499201
10.501962,0.48324612
6.142911,-1.94861
9.537863,-3.9891768
13.832663,-3.0446415
13.029592,-3.0311077
7.723144,-5.5865984
9.777987,-1.8327624
14.101413,-3.0282037
11.330483,3.0521488
11.869414,-0.82567
11.795649,-0.90923417
6.1462092,-2.8244295
8.0908165,-0.9975128
10.513706,1.7357206
11.790128,0.12625413
6.2614207,-1.9928558
11.801628,-2.9071348
9.79651,-1.8334619
14.354902,1.1486586
13.969927,-0.70687944
7.7541943,-5.5627813
10.514199,-1.2257069
6.509113,-0.30159938
11.146707,1.8170699
13.419552,0.5156637
5.8161945,-2.0213554
11.32959,-4.059789
10.690893,-0.8464377
11.631619,1.6973907
7.875343,-3.5848541
10.346061,1.7902151
11.722251,3.763967
11.092381,0.15737161
12.109724,0.661806
11.212982,-2.6173158
10.325716,1.0716411
10.965111,-3.3797548
13.265709,-2.8614388
10.164083,-5.558742
11.400719,-2.7734933
11.07902,-2.8982704
9.365912,3.5985503
8.809525,-2.2619402
12.651184,-2.3846397
12.736106,-2.3278432
13.255354,1.2484812
13.231653,1.2832947
11.8664875,-3.925856
6.1416073,-1.9071115
8.825928,-2.2384713
11.809644,-3.9745421
10.414956,-6.101021
9.30937,3.6912818
10.309733,-1.4128604
8.811605,-2.2441518
14.063187,-0.19731481
11.24584,1.5784594
7.6763573,-5.5943685
13.158132,1.414941
11.040106,0.33597255
11.378808,3.0791206
11.819477,-1.3096498
9.286943,-4.0895658
10.549031,-1.2303909
8.153348,-0.6339208
13.322431,1.5114652
10.318689,0.7467503
9.061156,-3.0928009
13.341339,-2.857107
14.188714,-3.0496585
11.098845,1.9614443
10.267385,-3.5377092
13.602847,0.9348785
7.93881,-0.79380774
10.551915,1.7898704
12.712772,-2.3342752
11.519652,-1.607609
11.681054,-4.1305056
6.1156473,-2.885638
13.277752,1.470045
11.120607,0.30322653
13.906035,0.18080351
11.337403,-4.1188207
11.828949,-3.900786
11.020599,-3.5120173
10.7763815,0.25241908
6.61054,-1.3487318
14.397761,1.1772032
13.21764,1.0819097
12.336789,-5.241237
10.938128,0.26077425
11.244872,0.0229634
11.6632805,3.786733
11.292619,3.0892296
14.62417,3.4159167
10.250093,0.87274015
8.048274,-0.9692818
7.7469926,-5.577834
12.269442,0.5665861
6.1387343,-2.6899505
12.313815,0.43134457
5.7718716,-2.6349847
11.687665,-3.0306387
5.7534146,-2.0268295
11.142496,1.9616123
6.091347,-2.783415
12.933505,-1.334735
8.00091,-0.90058625
9.778699,-3.8750129
12.718876,-2.328606
10.494552,0.4445627
11.047244,-1.916094
12.33976,-5.245635
10.388881,-4.5401115
11.118778,-2.399744
10.058793,1.110834
10.953285,1.3312387
6.6818814,-1.168276
10.139811,-5.6010723
13.169022,-2.4375737
10.00424,1.2776608
11.435708,2.9886131
11.164759,0.67777085
8.759995,-2.291529
11.228053,3.9147973
12.821419,-0.12616812
13.047033,1.5714341
11.879196,-0.27585217
14.025204,-0.00075670675
11.535707,3.2281086
15.891174,-1.8982651
12.929014,1.6277406
13.979569,-0.67116046
12.21642,-0.014763529
8.69857,-1.9876624
11.575426,-1.0763161
7.867037,-5.7789483
11.809461,-1.179206
11.498994,0.34077343
11.447469,-1.7084658
10.256861,-1.998413
14.130206,-0.29048598
14.282015,1.1745104
13.381403,2.1932693
11.574997,4.0940576
11.29488,3.1065311
13.165934,1.1001283
11.314876,6.716838
11.930676,-2.690202
11.367857,-3.322438
10.36161,1.8207545
11.450998,1.8101346
14.114565,-1.7567528
9.326486,0.96287876
12.595906,-3.548913
3.8795338,-3.4031734
8.729707,-2.2710786
10.542094,-4.3274736
8.933732,-2.2673616
11.240085,-3.9346008
6.1086745,-2.8172426
9.00726,-1.0184653
5.5635777,-2.5585093
9.807708,2.586508
5.7137766,-2.3511147
13.447529,-1.755502
14.644911,3.4375958
11.034784,-2.7276845
11.9000845,0.97545475
14.71989,1.2748568
11.49767,4.0623317
14.658131,1.1214648
10.101505,2.0878599
11.631925,4.0496683
14.654082,3.4458592
10.959079,-2.475989
11.368587,-4.0772223
9.0150585,-1.0192329
12.212014,2.61748
11.106957,0.13459069
11.632478,-3.2905183
7.4860897,-2.2600753
13.945773,0.13820244
5.280187,-2.29995
13.210994,1.4547141
5.588587,-2.5795817
11.488128,-3.4117706
9.566469,-5.461481
12.613782,0.17132804
14.305558,-1.808482
11.881431,-0.89700747
13.768713,-0.53291476
9.472133,4.1096425
12.051439,-3.0627246
11.1198435,0.06048216
11.751965,-0.975377
11.7571535,3.717145
12.420709,0.22619437
11.150624,-2.7436955
10.38227,-3.2461724
11.769206,-0.97939473
11.923526,-1.1361512
11.271074,0.16916317
12.89026,1.2243388
14.32596,1.1472186
10.352063,-5.4740496
10.594827,1.5059252
14.005206,-3.177602
10.505901,0.32034472
10.574646,-5.007257
8.547932,2.7208438
11.93192,0.31674725
10.223511,0.9295804
14.632936,1.1017798
12.135563,1.6879977
11.170054,-2.5900514
11.27788,-4.051361
5.689545,-2.5149958
6.596573,-0.27594575
10.903259,-3.036173
10.936684,0.43276867
11.481653,1.6610876
11.57757,4.067423
11.454495,2.970743
11.12002,-2.702355
6.2424884,-2.6800635
9.942165,2.5730543
13.278733,-3.0787303
14.434371,1.2043304
9.269847,-1.5734314
10.964123,-1.0901551
5.8031993,-2.5006335
5.3872213,-2.1997504
12.803014,-0.091317
6.1105657,-2.7882233
8.335916,-2.2220886
12.152644,2.3333135
5.6547413,-2.478751
10.891599,1.0036539
10.539117,-1.2393595
13.938713,-3.1181002
6.135893,-2.7963781
13.925898,-3.0776303
11.451772,4.0433817
11.073918,0.19319363
14.487904,1.1946859
5.322204,-2.271565
10.983238,0.296564
5.178911,-2.157817
12.017984,-1.1765497
10.979015,1.2065681
11.338705,3.8006616
13.573498,0.5196631
5.926021,-2.0976336
5.3214316,-2.2639358
8.019265,-5.7389364
10.462776,-5.4087925
10.007299,2.384201
13.452407,0.5724435
10.944685,1.3419169
10.16291,-1.3185805
11.008088,0.82468015
10.518621,-1.213498
11.398483,2.128544
14.3187685,1.152271
11.413464,1.5891031
14.291383,1.0280286
11.243844,-1.002055
12.292538,-5.1973314
11.634003,1.7067502
7.919587,-3.6220543
11.840368,-3.9405668
12.086733,-0.88457626
11.764794,-2.5648108
6.225427,-2.8353806
14.436244,1.2191881
10.159002,-5.627291
10.014079,2.3551934
13.442459,0.29371288
10.065083,1.1375242
5.8074117,-2.4824543
10.612083,1.3292255
5.2377696,-2.1978903
12.21678,1.7818793
14.243745,1.1058168
11.350092,0.27372125
7.7327414,-5.5549192
9.997674,2.6037123
12.986046,1.55406
6.5742226,-0.25477332
14.691928,1.2616327
11.736913,1.2363809
5.696482,-2.3896186
11.168998,-3.37481
9.298035,-1.5255177
9.072386,-3.1408167
10.6098795,1.2099416
11.831459,-1.0420945
6.0917306,-1.940002
9.582905,3.8517358
11.371247,-4.087986
10.465647,0.5806664
13.577453,0.93485594
10.744211,0.21070494
12.090311,-1.175853
11.511471,0.33175778
11.249487,0.031044427
12.748595,-1.4805247
10.514628,-5.9597034
12.901676,1.6419425
11.37633,3.7870507
9.999021,1.2141953
12.328574,-1.7596592
11.119014,1.9672704
11.8124,0.2168057
15.890219,-1.8856474
13.984848,-3.171298
11.3927,2.1529555
11.590267,-3.2314258
6.6306043,-0.2059762
13.31797,1.3624195
12.814748,-0.13765521
11.563892,3.44861
11.136624,0.42829177
6.5926294,-0.26752234
11.343139,3.9873059
6.512462,-0.30799586
12.02492,-0.40747395
5.892368,-2.0205297
5.931182,-2.659036
13.239262,1.5000674
11.868551,-0.11591984
7.7219133,-5.576439
6.1557674,-2.6271076
12.731752,-2.3323941
11.196752,-1.0364853
5.711908,-2.3560953
11.709262,3.9988391
11.448326,1.6016661
12.865274,1.6607046
5.5538836,-4.522645
11.458174,-2.4866405
11.349357,-2.4306772
10.668524,-1.2358236
9.086135,-4.0794225
11.833918,-0.93676776
11.016505,-3.49546
11.413005,4.1561284
10.868858,1.2312894
13.374888,-2.8415816
13.299232,-3.092432
8.120207,-2.2244618
10.0564995,-5.590037
10.519342,-5.944081
10.005293,2.4082654
5.980324,-2.1671236
12.011892,0.46333706
11.205349,2.1732564
12.332908,-2.7455883
3.879184,-3.4029796
9.3864975,-1.646208
10.254355,3.5204616
9.973676,-3.495046
12.321448,-3.2695508
10.860721,-3.5983016
6.513661,-0.30444753
6.11656,-2.559734
10.48322,1.8270965
6.128892,-2.793069
11.52378,3.7322993
14.616075,1.0750234
5.6140213,-2.588738
10.288984,1.0513778
11.31488,6.7169466
8.671769,-3.4313996
10.124305,2.068977
11.80511,-1.6251175
11.028233,-2.65159
10.248671,3.5188146
6.381902,-2.2984324
11.560091,-3.5193002
9.579608,-5.4803686
15.896923,-1.8881919
5.3908553,-2.39737
6.144521,-2.4750354
11.379857,1.6109643
11.09949,-3.1446097
10.971457,-1.7413598
3.880245,-3.4018412
10.295465,-1.9614396
9.5914135,3.8561664
9.958921,-3.4770486
9.052895,-3.1185336
5.787664,-2.3237083
12.902627,1.6313375
9.953482,2.271049
11.418886,1.1174368
7.8842487,-5.0627465
5.812761,-2.5982087
13.869756,-0.6587893
10.9408245,-2.4726808
13.329817,-2.4662716
10.006109,1.2350948
11.374396,-1.6537623
11.1711,1.7872427
6.566786,-0.25259194
11.113478,0.13538
11.038668,0.8675719
5.5464845,-2.5763874
9.0188675,-1.0306557
12.754478,0.47418553
13.953148,-3.160596
11.458924,-3.2046766
13.593364,0.9283924
10.465361,1.5961586
11.517066,3.9132276
13.922209,0.134582
10.550758,1.7895851
11.259953,-2.7114336
11.195331,1.7704824
6.3040085,-2.9375494
11.28166,-4.039839
12.047895,-2.7798333
11.848602,3.7011552
10.5650835,1.8336236
11.1636095,1.7371333
6.514311,-2.7789292
11.398203,1.5961483
14.463276,0.91381127
11.183687,0.31692484
10.871141,1.354609
6.038956,-2.192656
8.725761,-2.287284
10.878673,3.666656
9.16756,-4.1096296
11.165796,1.7636406
9.134264,3.7555475
13.584066,0.9340645
10.840911,1.2615063
11.410948,0.10246477
13.788872,-0.56342745
9.161511,3.7582204
11.698654,-3.1831686
11.377251,3.066506
6.1155925,-2.8074324
11.727223,0.73902535
10.519252,1.015252
13.008815,1.1708553
11.369019,2.137822
6.5733805,-0.25546992
5.915741,-2.6574025
11.287303,-2.5647562
12.872744,-1.341627
11.248497,-2.8464687
10.211587,-2.30817
6.619263,-1.4455508
10.334637,0.8126195
7.606635,-2.2497644
6.113419,-2.1185412
13.978509,-0.6727231
5.8492537,-2.4640405
10.3281145,-2.7661083
8.008675,-5.700738
11.248656,1.9587743
6.6656027,-1.3961695
11.0232525,0.1978508
10.87688,0.32538274
10.307098,-1.5424252
12.813659,1.7111892
13.147269,1.4770855
6.1244054,-2.7522447
10.861828,1.4666363
11.862979,-3.927213
10.8953285,-3.2583447
11.325119,-1.6881092
9.994743,1.2038963
10.578392,1.6979952
11.186184,-3.325769
14.203832,-3.0413923
9.996941,2.6033843
9.551934,3.9882278
10.191221,-1.2984539
9.089346,-3.0845728
11.476345,0.33945635
11.543109,0.14818536
11.311375,-2.7354681
14.374243,1.0102171
10.9492,1.3830026
11.33479,3.8024309
11.295349,-2.7142274
12.090283,-2.3156748
5.2464924,-2.1149411
7.829978,-2.250216
11.759675,-0.8848229
7.8716474,-3.5817351
7.8322515,-5.271687
9.272905,-1.5746129
11.061555,0.44550428
7.7385583,-5.588756
10.054746,1.139005
11.677416,1.1909491
10.833493,5.6257133
8.067849,-1.0140243
11.414664,-3.4151773
6.149669,-2.7317219
12.068973,-1.2463306
11.368526,-2.53324
10.24545,0.93051136
12.815645,-0.08039175
10.865994,0.9901936
11.043942,3.1984572
11.83957,-0.12958269
12.17444,1.5054185
10.901934,0.48176563
6.516411,-0.30265766
10.557294,1.4080307
10.457968,0.27666205
11.63107,1.236658
11.087487,0.41560188
10.362179,0.7728075
9.336443,0.9043541
11.29761,0.340798
11.861045,0.45644754
9.311064,3.656191
10.655882,-0.8418977
14.647959,3.4378462
6.3159513,-2.1004748
6.5527864,-0.25682664
11.323442,3.8218403
8.809045,-2.2628002
11.463693,-3.366045
11.073687,0.39980078
14.032117,0.72795194
15.876036,-1.8967525
5.5893593,-2.6638372
11.392761,3.8756773
6.2975273,-2.4544554
10.971031,1.335211
11.101113,0.52070653
11.069739,1.4286317
11.567143,-2.7143085
11.028937,-1.551289
11.336784,4.017474
10.699772,-2.8416383
9.345086,0.91120905
13.372769,-2.5687675
10.595713,1.8239661
14.707953,1.2450382
12.022732,-0.120965764
8.860592,-2.4304664
11.753358,3.7406
11.752566,2.2814891
6.665378,-1.1920948
6.52623,-0.31917277
3.8798208,-3.397487
11.314888,6.717012
7.1433806,-2.1539505
13.902423,0.06570711
12.226934,2.5620837
13.383099,0.32204822
14.657314,3.4496636
11.233551,-3.3317719
7.93944,-3.6022809
10.03246,2.3854647
11.149477,-2.7009802
11.852265,-2.4773762
11.633747,2.211153
11.313591,-4.0786314
10.125379,-1.3736792
11.368353,3.9440176
11.432396,2.9417765
11.4064455,-3.222331
12.21334,-2.8560655
13.89306,-0.9030724
10.564165,0.47985408
11.245085,3.0848978
13.421849,1.2363799
7.70767,-5.5771003
9.254423,-4.1215534
5.940353,-2.6324377
14.726394,1.2751379
6.336424,-2.9369872
11.640097,-3.2520642
7.9205084,-3.6292353
11.775642,-3.2309146
5.7068143,-2.6697257
13.458936,0.4173299
14.389781,0.9842888
9.951091,2.2774704
11.520114,4.1737823
11.176391,1.7920609
11.514653,0.03235669
11.294315,3.1608336
11.595246,-3.3349092
10.462097,1.8293879
14.00553,-3.2216158
6.4996953,-0.32340452
9.630103,0.16703433
10.004791,2.194151
10.720893,-2.3691583
11.15464,1.8763769
6.725625,-1.1406289
11.474009,-2.6785598
13.309822,-3.0932727
11.522519,4.026083
11.278541,-2.7219727
11.483715,2.0132182
10.901452,3.6830328
11.211753,-2.5644326
12.820039,-0.12658805
5.907539,-2.5721357
8.988109,1.341754
12.44485,-3.3614357
9.998657,1.2529703
11.432001,4.1025233
10.492167,1.6644809
11.893424,-3.8428211
14.303599,1.009612
6.6998363,-1.3958056
10.585897,1.2230555
11.872087,-0.09110355
10.257761,0.8569872
10.998869,-1.5453564
9.353182,-1.643687
11.898116,-2.955309
12.166905,0.4827066
11.076903,-2.3410296
3.8784363,-3.404298
11.29044,3.8675807
13.284973,-2.9098864
12.824818,-1.3204174
11.707182,0.37460503
6.1787615,-2.7950635
13.41246,1.1831448
12.88014,1.6279947
12.856104,1.2002156
12.531984,0.85958064
15.886859,-1.8844674
14.432025,1.1716981
11.83576,-1.0111095
10.980031,1.3029975
11.805951,-2.8377724
11.561036,-3.3270981
11.079553,0.5604364
11.323542,3.7966745
6.295443,-2.5483384
12.056447,-3.094896
13.155829,1.4898609
12.900542,-1.3227496
11.138837,-3.5828454
11.484881,3.9153128
11.838273,3.7004273
6.00137,-2.6993012
11.069167,-2.8591745
13.48331,1.470438
9.045398,-3.118322
11.371198,4.032953
11.753887,2.266133
10.531426,1.7921993
12.7554,-3.166167
11.487527,1.785691
10.211071,1.996779
10.252373,3.515108
11.449709,-1.2511187
12.825032,-3.1586092
10.317699,-3.0975993
11.0640335,-2.731706
14.250901,1.3088439
14.346845,-1.8073771
10.833874,0.3378573
7.7860484,-2.239128
6.114399,-1.9492637
11.314899,6.717519
10.461606,1.5651712
12.606278,1.4864632
6.793989,-2.8072774
11.553954,3.955753
6.142284,-2.8547442
8.873723,-2.364098
9.976506,2.1878245
8.836498,1.1808016
14.722245,1.2735311
6.2642875,-2.9076722
14.327956,-1.8365498
11.543927,3.3098607
11.491704,3.924513
6.522358,-0.35065416
9.009876,-1.0077652
10.428534,0.39524582
8.0579405,-0.9545084
11.075199,0.45539397
11.546345,4.200066
9.929854,2.3025994
9.940033,2.2420485
12.213851,2.606379
11.302426,-4.0963373
11.491113,4.3023605
10.009274,1.2003294
10.436931,-4.3869386
11.314142,3.9598417
10.269269,0.9172461
11.136285,0.0123037845
11.0417185,-2.7062547
6.1359334,-2.8104475
12.363829,-2.602603
13.489532,0.8501657
10.995711,-1.8027086
11.057643,-2.662037
13.658173,-2.7767227
11.06021,1.2322739
12.177065,0.46759287
11.076545,0.46735114
11.798802,-0.94464964
11.299076,3.9954202
14.328374,-1.8222443
14.449988,0.9446261
9.177015,1.3452255
10.859172,0.62675095
10.26984,3.5150652
11.474177,4.143808
10.867065,3.6507492
11.153056,0.59638923
12.359414,-2.693999
9.054118,-0.9997668
11.591296,-3.3572376
9.07825,-3.1479359
11.174543,1.7753268
9.295151,-3.0537963
8.012325,-2.2764814
14.660248,3.4522138
6.145002,-2.8219864
9.296845,-1.4991026
13.557906,0.91581637
9.856602,0.34429365
11.0696125,0.5507051
10.164044,2.797808
6.3416266,-2.9941754
12.346224,-3.353373
11.394574,4.100965
10.3821125,1.844156
11.420779,1.3061045
11.459519,3.4964588
11.658654,2.1238558
12.320375,0.8711642
11.223268,0.24970955
11.527005,0.3396186
11.573749,4.1097198
8.719644,-2.2859979
11.550343,4.229707
9.276184,3.7190242
10.154752,-2.0386517
13.340892,1.4852583
10.258314,0.9194862
10.233558,3.5305254
11.927534,-3.8468895
12.004952,0.46300223
11.0427265,0.41232693
6.1854506,-2.7353277
12.861789,-1.3091266
11.516801,3.363556
12.537032,-3.4573658
10.251747,-5.626132
14.649347,3.441212
10.035497,2.3599017
6.351419,-3.0054183
11.442843,3.9668972
10.094705,-1.3789396
11.396143,4.1585116
10.043519,1.1517681
11.402051,-2.5177994
11.766378,-0.8010458
11.556186,4.21146
11.618001,-1.5463345
13.113412,1.2407218
11.058793,0.5507116
9.197304,1.3511847
11.249301,3.8468125
11.465017,3.9982517
11.37331,3.767434
13.178914,1.4285575
10.472136,1.7558666
10.0677185,-5.683954
9.979998,2.3584132
13.466679,0.6247078
12.510275,2.0694623
11.641456,-2.652666
10.237457,0.9344128
9.979828,-1.7372215
10.019248,1.1874154
13.503443,1.5097785
10.05194,1.1459522
11.2827425,-0.042585578
11.1193695,-2.8536339
11.151626,-2.9268951
12.793039,-0.10236701
6.515903,-0.30416605
14.648431,3.4405363
12.122951,0.46730897
10.984542,0.61306006
8.052165,-2.2402391
9.269721,-1.5637838
11.22032,0.42304656
12.285312,0.5589576
11.002692,0.71385026
10.004363,2.4294174
9.978675,2.171921
11.035212,1.404054
10.439622,0.31274876
10.286515,0.9265629
12.322638,0.7032421
10.097072,2.7300358
6.1768456,-2.665383
12.264079,-0.0869789
9.959626,2.259623
9.867429,-3.5682402
11.202569,3.887928
11.985201,-2.838754
11.5990715,-2.666329
10.22782,3.5272572
10.691959,-0.84346735
13.222835,2.1373045
8.100753,-1.0213093
10.429695,1.8407427
11.297142,4.008084
10.257925,3.518728
10.257456,3.4795678
11.302532,-2.561697
10.314247,-3.0460222
13.928364,-0.73254263
12.778553,-2.13334
11.297548,-2.758461
9.259616,-1.7220044
9.910443,2.5409133
9.054173,-1.0256666
9.108323,-0.96989506
13.963705,0.07382641
6.65494,-0.2689147
10.536242,-1.7681322
11.836344,-3.6084766
12.214994,-1.7198958
11.776386,0.13476878
11.314919,6.7139764
7.917444,-3.6246011
11.116876,-2.7767463
10.70235,0.95110893
10.050126,-5.654106
11.788319,-1.5369594
8.947493,1.3096379
14.716283,1.2896801
12.348084,-2.761455
10.573833,1.8269504
8.21807,-0.7722667
10.025758,1.1869407
9.158908,1.3480327
11.458878,-0.1766092
13.359554,-2.8590505
11.438372,4.3208485
14.346588,-1.8249454
10.462718,1.5820085
9.276031,-1.5379093
10.449545,1.0165077
11.084201,0.5434109
11.213263,3.8851478
14.222299,-1.7973083
10.011788,-1.0743585
11.498615,3.587331
8.964381,1.3245091
9.4930315,-1.8041701
7.897316,-5.648043
11.287031,-4.095687
9.279737,-1.5340567
9.769552,2.544803
7.843294,-0.69210476
11.036758,0.50820065
8.701601,-1.9487827
7.692638,-5.579052
11.557445,4.2246094
14.391263,1.0127852
14.333887,-1.8118843
10.118997,2.1914418
13.514579,1.5070812
10.473752,0.3649579
11.411274,4.101213
9.646053,0.18412764
10.27068,3.504672
7.9965706,-0.85089445
6.54963,-0.2538221
10.257464,3.519711
10.432702,-4.454531
11.503107,3.9285138
11.232266,-2.7405713
11.440034,4.007371
10.001457,1.1911125
8.001491,-0.872124
8.9951515,-0.9962822
14.317288,-1.8134148
14.691142,1.2591813
10.928282,0.41575184
8.717535,-2.288928
11.328534,4.0841646
12.849,1.6373893
13.959337,-0.7060619
13.170147,1.2731175
9.269974,-1.5646145
12.279733,0.5481956
11.12349,-1.0379347
9.322366,0.9414344
11.204026,0.808288
12.891771,1.2471765
10.546851,1.3890563
10.961204,0.2760612
15.89582,-1.885129
11.253602,-2.8554952
12.8912735,1.659946
11.273863,0.1246397
8.151314,-2.2234356
11.078737,0.50655854
10.247727,3.523295
9.199031,-1.8337519
11.480479,3.3945415
12.238349,2.5627382
11.058213,-2.125153
11.839262,-3.9334877
10.8415165,1.3873084
10.991574,-1.7559423
10.021512,1.1985378
11.5214615,3.8205688
12.826621,-0.12629049
9.974127,2.351487
10.013231,-1.1086305
10.644607,-0.83556145
12.233525,-3.266205
6.127697,-2.796749
10.990848,-0.42577899
5.570835,-4.5442758
10.03382,2.3628156
14.716889,1.27138
12.98169,-3.0274436
10.247302,3.5232413
6.315687,-2.6847556
10.331246,3.4417956
12.302477,2.4976723
13.320897,-7.387415
9.945987,2.442411
7.9369535,-3.634396
9.346598,3.7182796
12.995281,-2.2682362
6.210084,-2.9172926
11.498218,3.9504712
14.339719,-1.8230737
8.992018,1.3380029
11.635387,3.9615755
10.569553,-1.2154148
11.050893,1.3637638
10.468812,1.8465824
11.343876,4.1260076
11.666118,4.0624957
6.158499,-2.849392
12.083288,-0.71760726
12.40535,-3.2040033
10.971184,-1.7965739
9.949872,2.2484207
13.440286,0.36527702
12.013364,0.45398763
8.9184475,1.2905297
10.668101,-0.84256154
11.712793,3.9752572
10.426456,1.8881305
11.565519,4.193707
10.46023,1.7395921
11.468169,3.7982268
14.324745,-1.8100377
10.073977,1.170438
11.74851,-1.5510587
9.232601,-0.8514877
11.483344,3.5490406
7.8177238,-2.2380798
11.449282,1.8042045
10.4205475,1.8568517
14.502751,0.92104644
9.185416,1.3798871
11.426923,4.0299945
10.467365,1.5634006
11.518481,3.9978077
11.531402,4.0651875
12.34789,-3.3314054
11.061289,0.6456448
11.332937,-4.1126513
9.950008,2.3048167
14.270741,1.2368245
10.017019,1.1917616
11.09306,0.45952967
13.507243,1.5284588
11.337431,4.0804257
10.524645,1.7637242
9.48786,3.562584
11.851193,-3.011302
11.033301,0.46140563
9.959325,2.1800811
10.528172,1.7520844
12.24976,2.4941018
9.158663,-1.7967914
12.268188,-1.7627777
12.246605,2.5645514
9.970759,3.7197294
10.637221,1.514701
11.757896,-2.6043768
6.4466977,-2.4478304
11.086085,3.90627
10.025631,1.1992807
11.856005,-0.0039196215
12.792603,1.6879443
10.251037,3.4592953
9.959263,2.2512493
11.443421,4.049575
9.971828,1.2951901
14.47109,0.90221184
7.7575064,-5.6192
10.095207,2.4097426
11.535393,3.9315546
9.26031,-1.5661205
11.168786,-3.742
9.961685,2.331065
11.550606,-2.6848977
10.409697,1.1632131
13.627188,1.3367379
12.199942,0.683889
8.764393,-2.279534
11.846238,-0.91348195
9.135725,3.722795
10.557054,1.8366243
10.990164,0.6963506
13.25682,1.4813681
10.231996,-3.6277986
11.05323,-2.6092951
9.937909,2.312489
10.412145,1.6820122
15.896336,-1.8885871
10.899083,0.12445802
10.977612,0.51141053
11.918225,0.44176766
12.887838,1.3468599
13.30738,1.4878557
9.971929,2.2191107
6.3576884,-3.0058656
10.926184,0.59357584
11.039989,0.3291975
11.020035,0.45549238
